// GENERATED by scripts/make_icon_animation.py from
// assets_in\icons\animations_manifest.json -- do not hand-edit, edit the
// manifest and rerun the script instead.
#include "OLEDIconAnimations.h"

static const uint8_t icon_nintendo_nes_frame0[] PROGMEM = {
    0x00, 0x00, 0x00, 0x00, 0x00, 0x00, 0x00, 0x00, 0x00, 0x00, 0x00, 0x00,
    0x00, 0x00, 0x00, 0x00, 0x00, 0x00, 0x00, 0x00, 0x00, 0x00, 0x00, 0x00,
    0x00, 0x00, 0x00, 0x00, 0x00, 0x00, 0x00, 0x00, 0x00, 0x00, 0x00, 0x00,
    0xff, 0xff, 0xff, 0xff, 0xff, 0xff, 0xff, 0xff, 0xff, 0xff, 0xff, 0xff,
    0x03, 0x00, 0x00, 0xc0, 0xf9, 0xff, 0xff, 0x9f, 0xfd, 0xff, 0xff, 0xbf,
    0xfd, 0xff, 0xff, 0xbf, 0xfd, 0xff, 0xff, 0xbf, 0xfd, 0xff, 0xff, 0xbf,
    0xfd, 0xff, 0xff, 0xbf, 0xfd, 0x6f, 0xfb, 0xbf, 0xfd, 0x6f, 0xf3, 0xbf,
    0xfd, 0xef, 0x1f, 0xb0, 0xfd, 0xff, 0xff, 0xbf, 0xfd, 0x0f, 0xf8, 0x9f,
    0x01, 0x00, 0x00, 0x80, 0x03, 0x00, 0x00, 0xc0, 0xff, 0xff, 0xff, 0xff,
    0xff, 0xff, 0xff, 0xff, 0xff, 0xff, 0xff, 0xff, 0x00, 0x00, 0x00, 0x00,
    0x00, 0x00, 0x00, 0x00, 0x00, 0x00, 0x00, 0x00,
};
static const uint8_t icon_nintendo_nes_frame1[] PROGMEM = {
    0x00, 0x00, 0x00, 0x00, 0x00, 0x00, 0x00, 0x00, 0x00, 0x00, 0x00, 0x00,
    0x00, 0x00, 0x00, 0x00, 0x00, 0x00, 0x00, 0x00, 0xff, 0xff, 0xff, 0xff,
    0xff, 0xff, 0xff, 0xff, 0xff, 0xff, 0xff, 0xff, 0x03, 0x00, 0x00, 0xc0,
    0xf9, 0xff, 0xff, 0x9f, 0xfd, 0xff, 0xff, 0xbf, 0xfd, 0xff, 0xff, 0xbf,
    0xfd, 0xff, 0xff, 0xbf, 0xfd, 0xff, 0xff, 0xbf, 0xfd, 0xff, 0xff, 0xbf,
    0xfd, 0x6f, 0xfb, 0xbf, 0xfd, 0x6f, 0xf3, 0xbf, 0xfd, 0xef, 0x1f, 0xb0,
    0xfd, 0xff, 0xff, 0xbf, 0xfd, 0x0f, 0xf8, 0x9f, 0x01, 0x00, 0x00, 0x80,
    0x03, 0x00, 0x00, 0xc0, 0xff, 0xff, 0xff, 0xff, 0xff, 0xff, 0xff, 0xff,
    0xff, 0xff, 0xff, 0xff, 0x00, 0x00, 0x00, 0x00, 0x00, 0x00, 0x00, 0x00,
    0x00, 0x00, 0x00, 0x00, 0x00, 0x00, 0x00, 0x00, 0x00, 0x00, 0x00, 0x00,
    0x00, 0x00, 0x00, 0x00, 0x00, 0x00, 0x00, 0x00,
};
static const uint8_t icon_nintendo_nes_frame2[] PROGMEM = {
    0x00, 0x00, 0x00, 0x00, 0x00, 0x00, 0x00, 0x00, 0x00, 0x00, 0x00, 0x00,
    0x00, 0x00, 0x00, 0x00, 0x00, 0x00, 0x00, 0x00, 0xff, 0xff, 0xff, 0xff,
    0xff, 0xff, 0xff, 0xff, 0xff, 0xff, 0xff, 0xff, 0x03, 0x00, 0x00, 0xc0,
    0xf9, 0xff, 0xff, 0x9f, 0xfd, 0xff, 0xff, 0xbf, 0xfd, 0xff, 0xff, 0xbf,
    0xfd, 0xff, 0xff, 0xbf, 0xfd, 0xff, 0xff, 0xbf, 0xfd, 0xff, 0xff, 0xbf,
    0xfd, 0x6f, 0xfb, 0xbf, 0xfd, 0x6f, 0xf3, 0xbf, 0xfd, 0xef, 0x1f, 0xb0,
    0xfd, 0xff, 0xff, 0xbf, 0xfd, 0x0f, 0xf8, 0x9f, 0x01, 0x00, 0x00, 0x80,
    0x03, 0x00, 0x00, 0xc0, 0xff, 0xff, 0xff, 0xff, 0xff, 0xff, 0xff, 0xff,
    0xff, 0xff, 0xff, 0xff, 0x00, 0x00, 0x00, 0x00, 0x00, 0x00, 0x00, 0x00,
    0x00, 0x00, 0x00, 0x00, 0x00, 0x00, 0x00, 0x00, 0x00, 0x00, 0x00, 0x00,
    0x00, 0x00, 0x00, 0x00, 0x00, 0x00, 0x00, 0x00,
};
static const uint8_t icon_nintendo_nes_frame3[] PROGMEM = {
    0x00, 0x00, 0x00, 0x00, 0x00, 0x00, 0x00, 0x00, 0x00, 0x00, 0x00, 0x00,
    0x00, 0x00, 0x00, 0x00, 0x00, 0x00, 0x00, 0x00, 0x00, 0x00, 0x00, 0x00,
    0x00, 0x00, 0x00, 0x00, 0x00, 0x00, 0x00, 0x00, 0x00, 0x00, 0x00, 0x00,
    0xff, 0xff, 0xff, 0xff, 0xff, 0xff, 0xff, 0xff, 0xff, 0xff, 0xff, 0xff,
    0x03, 0x00, 0x00, 0xc0, 0xf9, 0xff, 0xff, 0x9f, 0xfd, 0xff, 0xff, 0xbf,
    0xfd, 0xff, 0xff, 0xbf, 0xfd, 0xff, 0xff, 0xbf, 0xfd, 0xff, 0xff, 0xbf,
    0xfd, 0xff, 0xff, 0xbf, 0xfd, 0x6f, 0xfb, 0xbf, 0xfd, 0x6f, 0xf3, 0xbf,
    0xfd, 0xef, 0x1f, 0xb0, 0xfd, 0xff, 0xff, 0xbf, 0xfd, 0x0f, 0xf8, 0x9f,
    0x01, 0x00, 0x00, 0x80, 0x03, 0x00, 0x00, 0xc0, 0xff, 0xff, 0xff, 0xff,
    0xff, 0xff, 0xff, 0xff, 0xff, 0xff, 0xff, 0xff, 0x00, 0x00, 0x00, 0x00,
    0x00, 0x00, 0x00, 0x00, 0x00, 0x00, 0x00, 0x00,
};
static const uint8_t *const icon_nintendo_nes_frames[] = {icon_nintendo_nes_frame0, icon_nintendo_nes_frame1, icon_nintendo_nes_frame2, icon_nintendo_nes_frame3};

static const uint8_t icon_nintendo_family_computer_player_1_frame0[] PROGMEM = {
    0x00, 0x00, 0x00, 0x00, 0x00, 0x00, 0x00, 0x00, 0x00, 0x00, 0x00, 0x00,
    0x00, 0x00, 0x00, 0x00, 0x00, 0x00, 0x00, 0x00, 0x00, 0x00, 0x00, 0x00,
    0x00, 0x00, 0x00, 0x00, 0x00, 0x00, 0x00, 0x00, 0x00, 0x00, 0x00, 0x00,
    0xff, 0xff, 0xff, 0xff, 0xff, 0xff, 0xff, 0xff, 0xff, 0xff, 0xff, 0xff,
    0x1f, 0x80, 0xff, 0xff, 0x1b, 0x00, 0xb0, 0xff, 0x03, 0x00, 0x10, 0xf3,
    0xe3, 0x00, 0x10, 0xf3, 0xe3, 0x01, 0xb0, 0xff, 0xfb, 0x03, 0xe0, 0xff,
    0xfb, 0x03, 0x40, 0xc4, 0xe3, 0x30, 0xe1, 0xce, 0xe3, 0xf8, 0xf3, 0xde,
    0x03, 0xf0, 0xe1, 0xce, 0x03, 0x00, 0x00, 0xc0, 0xff, 0xff, 0xff, 0xff,
    0xff, 0xff, 0xff, 0xff, 0xff, 0xff, 0xff, 0xff, 0xff, 0xff, 0xff, 0xff,
    0xff, 0xff, 0xff, 0xff, 0xff, 0xff, 0xff, 0xff, 0x00, 0x00, 0x00, 0x00,
    0x00, 0x00, 0x00, 0x00, 0x00, 0x00, 0x00, 0x00,
};
static const uint8_t icon_nintendo_family_computer_player_1_frame1[] PROGMEM = {
    0x00, 0x00, 0x00, 0x00, 0x00, 0x00, 0x00, 0x00, 0x00, 0x00, 0x00, 0x00,
    0x00, 0x00, 0x00, 0x00, 0x00, 0x00, 0x00, 0x00, 0xff, 0xff, 0xff, 0xff,
    0xff, 0xff, 0xff, 0xff, 0xff, 0xff, 0xff, 0xff, 0x1f, 0x80, 0xff, 0xff,
    0x1b, 0x00, 0xb0, 0xff, 0x03, 0x00, 0x10, 0xf3, 0xe3, 0x00, 0x10, 0xf3,
    0xe3, 0x01, 0xb0, 0xff, 0xfb, 0x03, 0xe0, 0xff, 0xfb, 0x03, 0x40, 0xc4,
    0xe3, 0x30, 0xe1, 0xce, 0xe3, 0xf8, 0xf3, 0xde, 0x03, 0xf0, 0xe1, 0xce,
    0x03, 0x00, 0x00, 0xc0, 0xff, 0xff, 0xff, 0xff, 0xff, 0xff, 0xff, 0xff,
    0xff, 0xff, 0xff, 0xff, 0xff, 0xff, 0xff, 0xff, 0xff, 0xff, 0xff, 0xff,
    0xff, 0xff, 0xff, 0xff, 0x00, 0x00, 0x00, 0x00, 0x00, 0x00, 0x00, 0x00,
    0x00, 0x00, 0x00, 0x00, 0x00, 0x00, 0x00, 0x00, 0x00, 0x00, 0x00, 0x00,
    0x00, 0x00, 0x00, 0x00, 0x00, 0x00, 0x00, 0x00,
};
static const uint8_t icon_nintendo_family_computer_player_1_frame2[] PROGMEM = {
    0x00, 0x00, 0x00, 0x00, 0x00, 0x00, 0x00, 0x00, 0x00, 0x00, 0x00, 0x00,
    0x00, 0x00, 0x00, 0x00, 0x00, 0x00, 0x00, 0x00, 0xff, 0xff, 0xff, 0xff,
    0xff, 0xff, 0xff, 0xff, 0xff, 0xff, 0xff, 0xff, 0x1f, 0x80, 0xff, 0xff,
    0x1b, 0x00, 0xb0, 0xff, 0x03, 0x00, 0x10, 0xf3, 0xe3, 0x00, 0x10, 0xf3,
    0xe3, 0x01, 0xb0, 0xff, 0xfb, 0x03, 0xe0, 0xff, 0xfb, 0x03, 0x40, 0xc4,
    0xe3, 0x30, 0xe1, 0xce, 0xe3, 0xf8, 0xf3, 0xde, 0x03, 0xf0, 0xe1, 0xce,
    0x03, 0x00, 0x00, 0xc0, 0xff, 0xff, 0xff, 0xff, 0xff, 0xff, 0xff, 0xff,
    0xff, 0xff, 0xff, 0xff, 0xff, 0xff, 0xff, 0xff, 0xff, 0xff, 0xff, 0xff,
    0xff, 0xff, 0xff, 0xff, 0x00, 0x00, 0x00, 0x00, 0x00, 0x00, 0x00, 0x00,
    0x00, 0x00, 0x00, 0x00, 0x00, 0x00, 0x00, 0x00, 0x00, 0x00, 0x00, 0x00,
    0x00, 0x00, 0x00, 0x00, 0x00, 0x00, 0x00, 0x00,
};
static const uint8_t icon_nintendo_family_computer_player_1_frame3[] PROGMEM = {
    0x00, 0x00, 0x00, 0x00, 0x00, 0x00, 0x00, 0x00, 0x00, 0x00, 0x00, 0x00,
    0x00, 0x00, 0x00, 0x00, 0x00, 0x00, 0x00, 0x00, 0x00, 0x00, 0x00, 0x00,
    0x00, 0x00, 0x00, 0x00, 0x00, 0x00, 0x00, 0x00, 0x00, 0x00, 0x00, 0x00,
    0xff, 0xff, 0xff, 0xff, 0xff, 0xff, 0xff, 0xff, 0xff, 0xff, 0xff, 0xff,
    0x1f, 0x80, 0xff, 0xff, 0x1b, 0x00, 0xb0, 0xff, 0x03, 0x00, 0x10, 0xf3,
    0xe3, 0x00, 0x10, 0xf3, 0xe3, 0x01, 0xb0, 0xff, 0xfb, 0x03, 0xe0, 0xff,
    0xfb, 0x03, 0x40, 0xc4, 0xe3, 0x30, 0xe1, 0xce, 0xe3, 0xf8, 0xf3, 0xde,
    0x03, 0xf0, 0xe1, 0xce, 0x03, 0x00, 0x00, 0xc0, 0xff, 0xff, 0xff, 0xff,
    0xff, 0xff, 0xff, 0xff, 0xff, 0xff, 0xff, 0xff, 0xff, 0xff, 0xff, 0xff,
    0xff, 0xff, 0xff, 0xff, 0xff, 0xff, 0xff, 0xff, 0x00, 0x00, 0x00, 0x00,
    0x00, 0x00, 0x00, 0x00, 0x00, 0x00, 0x00, 0x00,
};
static const uint8_t *const icon_nintendo_family_computer_player_1_frames[] = {icon_nintendo_family_computer_player_1_frame0, icon_nintendo_family_computer_player_1_frame1, icon_nintendo_family_computer_player_1_frame2, icon_nintendo_family_computer_player_1_frame3};

static const uint8_t icon_nintendo_snes_frame0[] PROGMEM = {
    0x00, 0x00, 0x00, 0x00, 0x00, 0x00, 0x00, 0x00, 0x00, 0x00, 0x00, 0x00,
    0x00, 0x00, 0x00, 0x00, 0x00, 0x00, 0x00, 0x00, 0x00, 0x00, 0x00, 0x00,
    0x00, 0x00, 0x00, 0x00, 0x00, 0x00, 0x00, 0x00, 0x00, 0x00, 0x00, 0x00,
    0xf0, 0xff, 0xff, 0x0f, 0xfe, 0xff, 0xff, 0x7f, 0xff, 0xff, 0xff, 0xff,
    0xff, 0xff, 0xff, 0xff, 0x0f, 0x00, 0x00, 0xf1, 0xc7, 0x00, 0xa0, 0xe3,
    0xc3, 0x00, 0x80, 0xc3, 0xe1, 0x01, 0x00, 0x80, 0xf1, 0x03, 0x60, 0x9c,
    0xf1, 0x43, 0x02, 0x88, 0xc1, 0x20, 0x01, 0x80, 0xc1, 0x00, 0x00, 0x80,
    0x03, 0x00, 0x00, 0xc0, 0x03, 0x00, 0x00, 0xc0, 0x07, 0x00, 0x00, 0xe0,
    0x0f, 0xfc, 0x3f, 0xf0, 0xff, 0xff, 0xff, 0xff, 0xff, 0xff, 0xff, 0xff,
    0xfe, 0x1f, 0xf8, 0x7f, 0xf0, 0x07, 0xe0, 0x0f, 0x00, 0x00, 0x00, 0x00,
    0x00, 0x00, 0x00, 0x00, 0x00, 0x00, 0x00, 0x00,
};
static const uint8_t icon_nintendo_snes_frame1[] PROGMEM = {
    0x00, 0x00, 0x00, 0x00, 0x00, 0x00, 0x00, 0x00, 0x00, 0x00, 0x00, 0x00,
    0x00, 0x00, 0x00, 0x00, 0x00, 0x00, 0x00, 0x00, 0xf0, 0xff, 0xff, 0x0f,
    0xfe, 0xff, 0xff, 0x7f, 0xff, 0xff, 0xff, 0xff, 0xff, 0xff, 0xff, 0xff,
    0x0f, 0x00, 0x00, 0xf1, 0xc7, 0x00, 0xa0, 0xe3, 0xc3, 0x00, 0x80, 0xc3,
    0xe1, 0x01, 0x00, 0x80, 0xf1, 0x03, 0x60, 0x9c, 0xf1, 0x43, 0x02, 0x88,
    0xc1, 0x20, 0x01, 0x80, 0xc1, 0x00, 0x00, 0x80, 0x03, 0x00, 0x00, 0xc0,
    0x03, 0x00, 0x00, 0xc0, 0x07, 0x00, 0x00, 0xe0, 0x0f, 0xfc, 0x3f, 0xf0,
    0xff, 0xff, 0xff, 0xff, 0xff, 0xff, 0xff, 0xff, 0xfe, 0x1f, 0xf8, 0x7f,
    0xf0, 0x07, 0xe0, 0x0f, 0x00, 0x00, 0x00, 0x00, 0x00, 0x00, 0x00, 0x00,
    0x00, 0x00, 0x00, 0x00, 0x00, 0x00, 0x00, 0x00, 0x00, 0x00, 0x00, 0x00,
    0x00, 0x00, 0x00, 0x00, 0x00, 0x00, 0x00, 0x00,
};
static const uint8_t icon_nintendo_snes_frame2[] PROGMEM = {
    0x00, 0x00, 0x00, 0x00, 0x00, 0x00, 0x00, 0x00, 0x00, 0x00, 0x00, 0x00,
    0x00, 0x00, 0x00, 0x00, 0x00, 0x00, 0x00, 0x00, 0xf0, 0xff, 0xff, 0x0f,
    0xfe, 0xff, 0xff, 0x7f, 0xff, 0xff, 0xff, 0xff, 0xff, 0xff, 0xff, 0xff,
    0x0f, 0x00, 0x00, 0xf1, 0xc7, 0x00, 0xa0, 0xe3, 0xc3, 0x00, 0x80, 0xc3,
    0xe1, 0x01, 0x00, 0x80, 0xf1, 0x03, 0x60, 0x9c, 0xf1, 0x43, 0x02, 0x88,
    0xc1, 0x20, 0x01, 0x80, 0xc1, 0x00, 0x00, 0x80, 0x03, 0x00, 0x00, 0xc0,
    0x03, 0x00, 0x00, 0xc0, 0x07, 0x00, 0x00, 0xe0, 0x0f, 0xfc, 0x3f, 0xf0,
    0xff, 0xff, 0xff, 0xff, 0xff, 0xff, 0xff, 0xff, 0xfe, 0x1f, 0xf8, 0x7f,
    0xf0, 0x07, 0xe0, 0x0f, 0x00, 0x00, 0x00, 0x00, 0x00, 0x00, 0x00, 0x00,
    0x00, 0x00, 0x00, 0x00, 0x00, 0x00, 0x00, 0x00, 0x00, 0x00, 0x00, 0x00,
    0x00, 0x00, 0x00, 0x00, 0x00, 0x00, 0x00, 0x00,
};
static const uint8_t icon_nintendo_snes_frame3[] PROGMEM = {
    0x00, 0x00, 0x00, 0x00, 0x00, 0x00, 0x00, 0x00, 0x00, 0x00, 0x00, 0x00,
    0x00, 0x00, 0x00, 0x00, 0x00, 0x00, 0x00, 0x00, 0x00, 0x00, 0x00, 0x00,
    0x00, 0x00, 0x00, 0x00, 0x00, 0x00, 0x00, 0x00, 0x00, 0x00, 0x00, 0x00,
    0xf0, 0xff, 0xff, 0x0f, 0xfe, 0xff, 0xff, 0x7f, 0xff, 0xff, 0xff, 0xff,
    0xff, 0xff, 0xff, 0xff, 0x0f, 0x00, 0x00, 0xf1, 0xc7, 0x00, 0xa0, 0xe3,
    0xc3, 0x00, 0x80, 0xc3, 0xe1, 0x01, 0x00, 0x80, 0xf1, 0x03, 0x60, 0x9c,
    0xf1, 0x43, 0x02, 0x88, 0xc1, 0x20, 0x01, 0x80, 0xc1, 0x00, 0x00, 0x80,
    0x03, 0x00, 0x00, 0xc0, 0x03, 0x00, 0x00, 0xc0, 0x07, 0x00, 0x00, 0xe0,
    0x0f, 0xfc, 0x3f, 0xf0, 0xff, 0xff, 0xff, 0xff, 0xff, 0xff, 0xff, 0xff,
    0xfe, 0x1f, 0xf8, 0x7f, 0xf0, 0x07, 0xe0, 0x0f, 0x00, 0x00, 0x00, 0x00,
    0x00, 0x00, 0x00, 0x00, 0x00, 0x00, 0x00, 0x00,
};
static const uint8_t *const icon_nintendo_snes_frames[] = {icon_nintendo_snes_frame0, icon_nintendo_snes_frame1, icon_nintendo_snes_frame2, icon_nintendo_snes_frame3};

static const uint8_t icon_nintendo_snes_alternate_frame0[] PROGMEM = {
    0x00, 0x00, 0x00, 0x00, 0x00, 0x00, 0x00, 0x00, 0x00, 0x00, 0x00, 0x00,
    0x00, 0x00, 0x00, 0x00, 0x00, 0x00, 0x00, 0x00, 0x00, 0x00, 0x00, 0x00,
    0x00, 0x00, 0x00, 0x00, 0x00, 0x00, 0x00, 0x00, 0x00, 0x00, 0x00, 0x00,
    0xf0, 0xff, 0xff, 0x0f, 0xfe, 0xff, 0xff, 0x7f, 0xff, 0xff, 0xff, 0xff,
    0xff, 0xff, 0xff, 0xff, 0x0f, 0x00, 0x80, 0xf0, 0xc7, 0x00, 0x60, 0xe8,
    0xc3, 0x00, 0x00, 0xc0, 0xe1, 0x01, 0x00, 0x88, 0xf1, 0x03, 0x00, 0x9c,
    0xf1, 0x43, 0x02, 0x88, 0xc1, 0x20, 0x01, 0x83, 0xc1, 0x00, 0x00, 0x83,
    0x03, 0x00, 0x00, 0xc0, 0x03, 0x00, 0x00, 0xc0, 0x07, 0x00, 0x00, 0xe0,
    0x0f, 0xf8, 0x3f, 0xf0, 0xff, 0xff, 0xff, 0xff, 0xff, 0xff, 0xff, 0xff,
    0xfe, 0x1f, 0xf8, 0x7f, 0xf0, 0x07, 0xe0, 0x0f, 0x00, 0x00, 0x00, 0x00,
    0x00, 0x00, 0x00, 0x00, 0x00, 0x00, 0x00, 0x00,
};
static const uint8_t icon_nintendo_snes_alternate_frame1[] PROGMEM = {
    0x00, 0x00, 0x00, 0x00, 0x00, 0x00, 0x00, 0x00, 0x00, 0x00, 0x00, 0x00,
    0x00, 0x00, 0x00, 0x00, 0x00, 0x00, 0x00, 0x00, 0xf0, 0xff, 0xff, 0x0f,
    0xfe, 0xff, 0xff, 0x7f, 0xff, 0xff, 0xff, 0xff, 0xff, 0xff, 0xff, 0xff,
    0x0f, 0x00, 0x80, 0xf0, 0xc7, 0x00, 0x60, 0xe8, 0xc3, 0x00, 0x00, 0xc0,
    0xe1, 0x01, 0x00, 0x88, 0xf1, 0x03, 0x00, 0x9c, 0xf1, 0x43, 0x02, 0x88,
    0xc1, 0x20, 0x01, 0x83, 0xc1, 0x00, 0x00, 0x83, 0x03, 0x00, 0x00, 0xc0,
    0x03, 0x00, 0x00, 0xc0, 0x07, 0x00, 0x00, 0xe0, 0x0f, 0xf8, 0x3f, 0xf0,
    0xff, 0xff, 0xff, 0xff, 0xff, 0xff, 0xff, 0xff, 0xfe, 0x1f, 0xf8, 0x7f,
    0xf0, 0x07, 0xe0, 0x0f, 0x00, 0x00, 0x00, 0x00, 0x00, 0x00, 0x00, 0x00,
    0x00, 0x00, 0x00, 0x00, 0x00, 0x00, 0x00, 0x00, 0x00, 0x00, 0x00, 0x00,
    0x00, 0x00, 0x00, 0x00, 0x00, 0x00, 0x00, 0x00,
};
static const uint8_t icon_nintendo_snes_alternate_frame2[] PROGMEM = {
    0x00, 0x00, 0x00, 0x00, 0x00, 0x00, 0x00, 0x00, 0x00, 0x00, 0x00, 0x00,
    0x00, 0x00, 0x00, 0x00, 0x00, 0x00, 0x00, 0x00, 0xf0, 0xff, 0xff, 0x0f,
    0xfe, 0xff, 0xff, 0x7f, 0xff, 0xff, 0xff, 0xff, 0xff, 0xff, 0xff, 0xff,
    0x0f, 0x00, 0x80, 0xf0, 0xc7, 0x00, 0x60, 0xe8, 0xc3, 0x00, 0x00, 0xc0,
    0xe1, 0x01, 0x00, 0x88, 0xf1, 0x03, 0x00, 0x9c, 0xf1, 0x43, 0x02, 0x88,
    0xc1, 0x20, 0x01, 0x83, 0xc1, 0x00, 0x00, 0x83, 0x03, 0x00, 0x00, 0xc0,
    0x03, 0x00, 0x00, 0xc0, 0x07, 0x00, 0x00, 0xe0, 0x0f, 0xf8, 0x3f, 0xf0,
    0xff, 0xff, 0xff, 0xff, 0xff, 0xff, 0xff, 0xff, 0xfe, 0x1f, 0xf8, 0x7f,
    0xf0, 0x07, 0xe0, 0x0f, 0x00, 0x00, 0x00, 0x00, 0x00, 0x00, 0x00, 0x00,
    0x00, 0x00, 0x00, 0x00, 0x00, 0x00, 0x00, 0x00, 0x00, 0x00, 0x00, 0x00,
    0x00, 0x00, 0x00, 0x00, 0x00, 0x00, 0x00, 0x00,
};
static const uint8_t icon_nintendo_snes_alternate_frame3[] PROGMEM = {
    0x00, 0x00, 0x00, 0x00, 0x00, 0x00, 0x00, 0x00, 0x00, 0x00, 0x00, 0x00,
    0x00, 0x00, 0x00, 0x00, 0x00, 0x00, 0x00, 0x00, 0x00, 0x00, 0x00, 0x00,
    0x00, 0x00, 0x00, 0x00, 0x00, 0x00, 0x00, 0x00, 0x00, 0x00, 0x00, 0x00,
    0xf0, 0xff, 0xff, 0x0f, 0xfe, 0xff, 0xff, 0x7f, 0xff, 0xff, 0xff, 0xff,
    0xff, 0xff, 0xff, 0xff, 0x0f, 0x00, 0x80, 0xf0, 0xc7, 0x00, 0x60, 0xe8,
    0xc3, 0x00, 0x00, 0xc0, 0xe1, 0x01, 0x00, 0x88, 0xf1, 0x03, 0x00, 0x9c,
    0xf1, 0x43, 0x02, 0x88, 0xc1, 0x20, 0x01, 0x83, 0xc1, 0x00, 0x00, 0x83,
    0x03, 0x00, 0x00, 0xc0, 0x03, 0x00, 0x00, 0xc0, 0x07, 0x00, 0x00, 0xe0,
    0x0f, 0xf8, 0x3f, 0xf0, 0xff, 0xff, 0xff, 0xff, 0xff, 0xff, 0xff, 0xff,
    0xfe, 0x1f, 0xf8, 0x7f, 0xf0, 0x07, 0xe0, 0x0f, 0x00, 0x00, 0x00, 0x00,
    0x00, 0x00, 0x00, 0x00, 0x00, 0x00, 0x00, 0x00,
};
static const uint8_t *const icon_nintendo_snes_alternate_frames[] = {icon_nintendo_snes_alternate_frame0, icon_nintendo_snes_alternate_frame1, icon_nintendo_snes_alternate_frame2, icon_nintendo_snes_alternate_frame3};

static const uint8_t icon_snes_frame0[] PROGMEM = {
    0x00, 0x00, 0x00, 0x00, 0x00, 0x00, 0x00, 0x00, 0xff, 0xff, 0xff, 0xff,
    0xff, 0xff, 0xff, 0xff, 0x00, 0x00, 0x00, 0x00, 0x0c, 0x00, 0x00, 0x30,
    0x04, 0x00, 0x00, 0x20, 0x00, 0x00, 0x00, 0x00, 0xa0, 0x03, 0xc0, 0x04,
    0x20, 0x00, 0x00, 0x07, 0x20, 0x00, 0x00, 0x06, 0x22, 0x00, 0x00, 0x44,
    0x02, 0x00, 0x00, 0x44, 0xc2, 0xff, 0xff, 0x43, 0xc2, 0xff, 0xff, 0x43,
    0x82, 0xff, 0xff, 0x41, 0x02, 0x00, 0x00, 0x40, 0x02, 0x00, 0x00, 0x40,
    0x02, 0x00, 0x00, 0x40, 0x92, 0xfb, 0xcf, 0x41, 0xd2, 0x13, 0xc0, 0x49,
    0xd2, 0x03, 0xc0, 0x49, 0x90, 0xf3, 0xcf, 0x49, 0x70, 0x7c, 0x06, 0x0e,
    0x00, 0x00, 0x00, 0x00, 0x00, 0x00, 0x00, 0x00, 0x00, 0x00, 0x00, 0x00,
    0x00, 0x00, 0x00, 0x00, 0x01, 0x00, 0x00, 0x00, 0x03, 0x00, 0x00, 0x40,
    0xc2, 0x1f, 0xfc, 0x43, 0x22, 0x3f, 0xfc, 0x44,
};
static const uint8_t icon_snes_frame1[] PROGMEM = {
    0x00, 0x00, 0x00, 0x00, 0x0c, 0x00, 0x00, 0x30, 0x04, 0x00, 0x00, 0x20,
    0x00, 0x00, 0x00, 0x00, 0xa0, 0x03, 0xc0, 0x04, 0x20, 0x00, 0x00, 0x07,
    0x20, 0x00, 0x00, 0x06, 0x22, 0x00, 0x00, 0x44, 0x02, 0x00, 0x00, 0x44,
    0xc2, 0xff, 0xff, 0x43, 0xc2, 0xff, 0xff, 0x43, 0x82, 0xff, 0xff, 0x41,
    0x02, 0x00, 0x00, 0x40, 0x02, 0x00, 0x00, 0x40, 0x02, 0x00, 0x00, 0x40,
    0x92, 0xfb, 0xcf, 0x41, 0xd2, 0x13, 0xc0, 0x49, 0xd2, 0x03, 0xc0, 0x49,
    0x90, 0xf3, 0xcf, 0x49, 0x70, 0x7c, 0x06, 0x0e, 0x00, 0x00, 0x00, 0x00,
    0x00, 0x00, 0x00, 0x00, 0x00, 0x00, 0x00, 0x00, 0x00, 0x00, 0x00, 0x00,
    0x01, 0x00, 0x00, 0x00, 0x03, 0x00, 0x00, 0x40, 0xc2, 0x1f, 0xfc, 0x43,
    0x22, 0x3f, 0xfc, 0x44, 0xfe, 0xff, 0xff, 0x7f, 0x00, 0x00, 0x00, 0x00,
    0xff, 0xff, 0xff, 0xff, 0xff, 0xff, 0xff, 0xff,
};
static const uint8_t icon_snes_frame2[] PROGMEM = {
    0x00, 0x00, 0x00, 0x00, 0x0c, 0x00, 0x00, 0x30, 0x04, 0x00, 0x00, 0x20,
    0x00, 0x00, 0x00, 0x00, 0xa0, 0x03, 0xc0, 0x04, 0x20, 0x00, 0x00, 0x07,
    0x20, 0x00, 0x00, 0x06, 0x22, 0x00, 0x00, 0x44, 0x02, 0x00, 0x00, 0x44,
    0xc2, 0xff, 0xff, 0x43, 0xc2, 0xff, 0xff, 0x43, 0x82, 0xff, 0xff, 0x41,
    0x02, 0x00, 0x00, 0x40, 0x02, 0x00, 0x00, 0x40, 0x02, 0x00, 0x00, 0x40,
    0x92, 0xfb, 0xcf, 0x41, 0xd2, 0x13, 0xc0, 0x49, 0xd2, 0x03, 0xc0, 0x49,
    0x90, 0xf3, 0xcf, 0x49, 0x70, 0x7c, 0x06, 0x0e, 0x00, 0x00, 0x00, 0x00,
    0x00, 0x00, 0x00, 0x00, 0x00, 0x00, 0x00, 0x00, 0x00, 0x00, 0x00, 0x00,
    0x01, 0x00, 0x00, 0x00, 0x03, 0x00, 0x00, 0x40, 0xc2, 0x1f, 0xfc, 0x43,
    0x22, 0x3f, 0xfc, 0x44, 0xfe, 0xff, 0xff, 0x7f, 0x00, 0x00, 0x00, 0x00,
    0xff, 0xff, 0xff, 0xff, 0xff, 0xff, 0xff, 0xff,
};
static const uint8_t icon_snes_frame3[] PROGMEM = {
    0x00, 0x00, 0x00, 0x00, 0x00, 0x00, 0x00, 0x00, 0xff, 0xff, 0xff, 0xff,
    0xff, 0xff, 0xff, 0xff, 0x00, 0x00, 0x00, 0x00, 0x0c, 0x00, 0x00, 0x30,
    0x04, 0x00, 0x00, 0x20, 0x00, 0x00, 0x00, 0x00, 0xa0, 0x03, 0xc0, 0x04,
    0x20, 0x00, 0x00, 0x07, 0x20, 0x00, 0x00, 0x06, 0x22, 0x00, 0x00, 0x44,
    0x02, 0x00, 0x00, 0x44, 0xc2, 0xff, 0xff, 0x43, 0xc2, 0xff, 0xff, 0x43,
    0x82, 0xff, 0xff, 0x41, 0x02, 0x00, 0x00, 0x40, 0x02, 0x00, 0x00, 0x40,
    0x02, 0x00, 0x00, 0x40, 0x92, 0xfb, 0xcf, 0x41, 0xd2, 0x13, 0xc0, 0x49,
    0xd2, 0x03, 0xc0, 0x49, 0x90, 0xf3, 0xcf, 0x49, 0x70, 0x7c, 0x06, 0x0e,
    0x00, 0x00, 0x00, 0x00, 0x00, 0x00, 0x00, 0x00, 0x00, 0x00, 0x00, 0x00,
    0x00, 0x00, 0x00, 0x00, 0x01, 0x00, 0x00, 0x00, 0x03, 0x00, 0x00, 0x40,
    0xc2, 0x1f, 0xfc, 0x43, 0x22, 0x3f, 0xfc, 0x44,
};
static const uint8_t *const icon_snes_frames[] = {icon_snes_frame0, icon_snes_frame1, icon_snes_frame2, icon_snes_frame3};

static const uint8_t icon_nintendo_64_frame0[] PROGMEM = {
    0x00, 0x00, 0x00, 0x00, 0x00, 0x00, 0x00, 0x00, 0x00, 0xfc, 0x3f, 0x00,
    0x00, 0xff, 0xff, 0x00, 0x80, 0xff, 0xff, 0x01, 0xf8, 0x1f, 0xf8, 0x1f,
    0xfe, 0x03, 0xc0, 0x7f, 0xff, 0x01, 0xc0, 0xff, 0x1f, 0x00, 0x00, 0xfc,
    0x07, 0x00, 0x00, 0xf0, 0x47, 0x00, 0x00, 0xe0, 0x43, 0x00, 0x00, 0xc0,
    0xf3, 0x01, 0x00, 0xc0, 0xf3, 0x81, 0x01, 0xc0, 0x63, 0x00, 0x20, 0xc0,
    0x43, 0x00, 0x80, 0xc1, 0x03, 0x80, 0x81, 0x81, 0x03, 0x40, 0x02, 0x80,
    0x01, 0x20, 0x06, 0x80, 0x81, 0x63, 0xc6, 0x83, 0xc3, 0xe7, 0xe7, 0x83,
    0xc3, 0xc7, 0xe3, 0x83, 0xc3, 0x8f, 0xf1, 0xc7, 0xe3, 0x0f, 0xf0, 0xc7,
    0xe3, 0x0f, 0xf0, 0xc7, 0xf7, 0x0e, 0x70, 0xef, 0xff, 0x1e, 0x78, 0xff,
    0xff, 0x1e, 0x78, 0xff, 0x7f, 0x1c, 0x38, 0xfe, 0x00, 0x3c, 0x3c, 0x00,
    0x00, 0x3c, 0x3c, 0x00, 0x00, 0x7c, 0x3e, 0x00,
};
static const uint8_t icon_nintendo_64_frame1[] PROGMEM = {
    0x80, 0xff, 0xff, 0x01, 0xf8, 0x1f, 0xf8, 0x1f, 0xfe, 0x03, 0xc0, 0x7f,
    0xff, 0x01, 0xc0, 0xff, 0x1f, 0x00, 0x00, 0xfc, 0x07, 0x00, 0x00, 0xf0,
    0x47, 0x00, 0x00, 0xe0, 0x43, 0x00, 0x00, 0xc0, 0xf3, 0x01, 0x00, 0xc0,
    0xf3, 0x81, 0x01, 0xc0, 0x63, 0x00, 0x20, 0xc0, 0x43, 0x00, 0x80, 0xc1,
    0x03, 0x80, 0x81, 0x81, 0x03, 0x40, 0x02, 0x80, 0x01, 0x20, 0x06, 0x80,
    0x81, 0x63, 0xc6, 0x83, 0xc3, 0xe7, 0xe7, 0x83, 0xc3, 0xc7, 0xe3, 0x83,
    0xc3, 0x8f, 0xf1, 0xc7, 0xe3, 0x0f, 0xf0, 0xc7, 0xe3, 0x0f, 0xf0, 0xc7,
    0xf7, 0x0e, 0x70, 0xef, 0xff, 0x1e, 0x78, 0xff, 0xff, 0x1e, 0x78, 0xff,
    0x7f, 0x1c, 0x38, 0xfe, 0x00, 0x3c, 0x3c, 0x00, 0x00, 0x3c, 0x3c, 0x00,
    0x00, 0x7c, 0x3e, 0x00, 0x00, 0xf8, 0x1f, 0x00, 0x00, 0xf8, 0x1f, 0x00,
    0x00, 0xf0, 0x0f, 0x00, 0x00, 0xe0, 0x07, 0x00,
};
static const uint8_t icon_nintendo_64_frame2[] PROGMEM = {
    0x80, 0xff, 0xff, 0x01, 0xf8, 0x1f, 0xf8, 0x1f, 0xfe, 0x03, 0xc0, 0x7f,
    0xff, 0x01, 0xc0, 0xff, 0x1f, 0x00, 0x00, 0xfc, 0x07, 0x00, 0x00, 0xf0,
    0x47, 0x00, 0x00, 0xe0, 0x43, 0x00, 0x00, 0xc0, 0xf3, 0x01, 0x00, 0xc0,
    0xf3, 0x81, 0x01, 0xc0, 0x63, 0x00, 0x20, 0xc0, 0x43, 0x00, 0x80, 0xc1,
    0x03, 0x80, 0x81, 0x81, 0x03, 0x40, 0x02, 0x80, 0x01, 0x20, 0x06, 0x80,
    0x81, 0x63, 0xc6, 0x83, 0xc3, 0xe7, 0xe7, 0x83, 0xc3, 0xc7, 0xe3, 0x83,
    0xc3, 0x8f, 0xf1, 0xc7, 0xe3, 0x0f, 0xf0, 0xc7, 0xe3, 0x0f, 0xf0, 0xc7,
    0xf7, 0x0e, 0x70, 0xef, 0xff, 0x1e, 0x78, 0xff, 0xff, 0x1e, 0x78, 0xff,
    0x7f, 0x1c, 0x38, 0xfe, 0x00, 0x3c, 0x3c, 0x00, 0x00, 0x3c, 0x3c, 0x00,
    0x00, 0x7c, 0x3e, 0x00, 0x00, 0xf8, 0x1f, 0x00, 0x00, 0xf8, 0x1f, 0x00,
    0x00, 0xf0, 0x0f, 0x00, 0x00, 0xe0, 0x07, 0x00,
};
static const uint8_t icon_nintendo_64_frame3[] PROGMEM = {
    0x00, 0x00, 0x00, 0x00, 0x00, 0x00, 0x00, 0x00, 0x00, 0xfc, 0x3f, 0x00,
    0x00, 0xff, 0xff, 0x00, 0x80, 0xff, 0xff, 0x01, 0xf8, 0x1f, 0xf8, 0x1f,
    0xfe, 0x03, 0xc0, 0x7f, 0xff, 0x01, 0xc0, 0xff, 0x1f, 0x00, 0x00, 0xfc,
    0x07, 0x00, 0x00, 0xf0, 0x47, 0x00, 0x00, 0xe0, 0x43, 0x00, 0x00, 0xc0,
    0xf3, 0x01, 0x00, 0xc0, 0xf3, 0x81, 0x01, 0xc0, 0x63, 0x00, 0x20, 0xc0,
    0x43, 0x00, 0x80, 0xc1, 0x03, 0x80, 0x81, 0x81, 0x03, 0x40, 0x02, 0x80,
    0x01, 0x20, 0x06, 0x80, 0x81, 0x63, 0xc6, 0x83, 0xc3, 0xe7, 0xe7, 0x83,
    0xc3, 0xc7, 0xe3, 0x83, 0xc3, 0x8f, 0xf1, 0xc7, 0xe3, 0x0f, 0xf0, 0xc7,
    0xe3, 0x0f, 0xf0, 0xc7, 0xf7, 0x0e, 0x70, 0xef, 0xff, 0x1e, 0x78, 0xff,
    0xff, 0x1e, 0x78, 0xff, 0x7f, 0x1c, 0x38, 0xfe, 0x00, 0x3c, 0x3c, 0x00,
    0x00, 0x3c, 0x3c, 0x00, 0x00, 0x7c, 0x3e, 0x00,
};
static const uint8_t *const icon_nintendo_64_frames[] = {icon_nintendo_64_frame0, icon_nintendo_64_frame1, icon_nintendo_64_frame2, icon_nintendo_64_frame3};

static const uint8_t icon_nintendo_64_2_frame0[] PROGMEM = {
    0x00, 0x00, 0x00, 0x00, 0xff, 0xff, 0xff, 0xff, 0xff, 0xff, 0xff, 0xff,
    0x00, 0x00, 0x00, 0x00, 0x00, 0x00, 0x00, 0x50, 0xff, 0x6f, 0xff, 0x7f,
    0xff, 0x6d, 0xdf, 0x07, 0xff, 0xed, 0x77, 0x07, 0x00, 0x00, 0x00, 0x00,
    0x00, 0x00, 0x00, 0x00, 0x00, 0x00, 0x00, 0x00, 0x00, 0x70, 0x07, 0x00,
    0x00, 0xf8, 0x07, 0x00, 0x00, 0xf8, 0x07, 0x00, 0x30, 0xfe, 0x67, 0x0e,
    0xf0, 0xff, 0xff, 0x0f, 0xf0, 0x3f, 0xfe, 0x0f, 0xf0, 0x3f, 0xfe, 0x0f,
    0xf0, 0xff, 0xff, 0x0f, 0xf0, 0xff, 0xff, 0x0f, 0xf0, 0xff, 0xff, 0x0f,
    0xf0, 0xff, 0xff, 0x0f, 0xf0, 0xff, 0xff, 0x0f, 0xf0, 0xff, 0xff, 0x0f,
    0xf0, 0xff, 0xff, 0x0f, 0xf0, 0xff, 0xff, 0x0f, 0xf0, 0xff, 0xff, 0x0f,
    0xf0, 0xff, 0xe7, 0x0f, 0xe0, 0xf9, 0x87, 0x03, 0x00, 0xf8, 0x07, 0x00,
    0x00, 0xf0, 0x07, 0x00, 0x00, 0xe0, 0x07, 0x00,
};
static const uint8_t icon_nintendo_64_2_frame1[] PROGMEM = {
    0x00, 0x00, 0x00, 0x50, 0xff, 0x6f, 0xff, 0x7f, 0xff, 0x6d, 0xdf, 0x07,
    0xff, 0xed, 0x77, 0x07, 0x00, 0x00, 0x00, 0x00, 0x00, 0x00, 0x00, 0x00,
    0x00, 0x00, 0x00, 0x00, 0x00, 0x70, 0x07, 0x00, 0x00, 0xf8, 0x07, 0x00,
    0x00, 0xf8, 0x07, 0x00, 0x30, 0xfe, 0x67, 0x0e, 0xf0, 0xff, 0xff, 0x0f,
    0xf0, 0x3f, 0xfe, 0x0f, 0xf0, 0x3f, 0xfe, 0x0f, 0xf0, 0xff, 0xff, 0x0f,
    0xf0, 0xff, 0xff, 0x0f, 0xf0, 0xff, 0xff, 0x0f, 0xf0, 0xff, 0xff, 0x0f,
    0xf0, 0xff, 0xff, 0x0f, 0xf0, 0xff, 0xff, 0x0f, 0xf0, 0xff, 0xff, 0x0f,
    0xf0, 0xff, 0xff, 0x0f, 0xf0, 0xff, 0xff, 0x0f, 0xf0, 0xff, 0xe7, 0x0f,
    0xe0, 0xf9, 0x87, 0x03, 0x00, 0xf8, 0x07, 0x00, 0x00, 0xf0, 0x07, 0x00,
    0x00, 0xe0, 0x07, 0x00, 0x00, 0x80, 0x00, 0x00, 0x00, 0x00, 0x00, 0x00,
    0xff, 0xff, 0xff, 0xff, 0xff, 0xff, 0xff, 0xff,
};
static const uint8_t icon_nintendo_64_2_frame2[] PROGMEM = {
    0x00, 0x00, 0x00, 0x50, 0xff, 0x6f, 0xff, 0x7f, 0xff, 0x6d, 0xdf, 0x07,
    0xff, 0xed, 0x77, 0x07, 0x00, 0x00, 0x00, 0x00, 0x00, 0x00, 0x00, 0x00,
    0x00, 0x00, 0x00, 0x00, 0x00, 0x70, 0x07, 0x00, 0x00, 0xf8, 0x07, 0x00,
    0x00, 0xf8, 0x07, 0x00, 0x30, 0xfe, 0x67, 0x0e, 0xf0, 0xff, 0xff, 0x0f,
    0xf0, 0x3f, 0xfe, 0x0f, 0xf0, 0x3f, 0xfe, 0x0f, 0xf0, 0xff, 0xff, 0x0f,
    0xf0, 0xff, 0xff, 0x0f, 0xf0, 0xff, 0xff, 0x0f, 0xf0, 0xff, 0xff, 0x0f,
    0xf0, 0xff, 0xff, 0x0f, 0xf0, 0xff, 0xff, 0x0f, 0xf0, 0xff, 0xff, 0x0f,
    0xf0, 0xff, 0xff, 0x0f, 0xf0, 0xff, 0xff, 0x0f, 0xf0, 0xff, 0xe7, 0x0f,
    0xe0, 0xf9, 0x87, 0x03, 0x00, 0xf8, 0x07, 0x00, 0x00, 0xf0, 0x07, 0x00,
    0x00, 0xe0, 0x07, 0x00, 0x00, 0x80, 0x00, 0x00, 0x00, 0x00, 0x00, 0x00,
    0xff, 0xff, 0xff, 0xff, 0xff, 0xff, 0xff, 0xff,
};
static const uint8_t icon_nintendo_64_2_frame3[] PROGMEM = {
    0x00, 0x00, 0x00, 0x00, 0xff, 0xff, 0xff, 0xff, 0xff, 0xff, 0xff, 0xff,
    0x00, 0x00, 0x00, 0x00, 0x00, 0x00, 0x00, 0x50, 0xff, 0x6f, 0xff, 0x7f,
    0xff, 0x6d, 0xdf, 0x07, 0xff, 0xed, 0x77, 0x07, 0x00, 0x00, 0x00, 0x00,
    0x00, 0x00, 0x00, 0x00, 0x00, 0x00, 0x00, 0x00, 0x00, 0x70, 0x07, 0x00,
    0x00, 0xf8, 0x07, 0x00, 0x00, 0xf8, 0x07, 0x00, 0x30, 0xfe, 0x67, 0x0e,
    0xf0, 0xff, 0xff, 0x0f, 0xf0, 0x3f, 0xfe, 0x0f, 0xf0, 0x3f, 0xfe, 0x0f,
    0xf0, 0xff, 0xff, 0x0f, 0xf0, 0xff, 0xff, 0x0f, 0xf0, 0xff, 0xff, 0x0f,
    0xf0, 0xff, 0xff, 0x0f, 0xf0, 0xff, 0xff, 0x0f, 0xf0, 0xff, 0xff, 0x0f,
    0xf0, 0xff, 0xff, 0x0f, 0xf0, 0xff, 0xff, 0x0f, 0xf0, 0xff, 0xff, 0x0f,
    0xf0, 0xff, 0xe7, 0x0f, 0xe0, 0xf9, 0x87, 0x03, 0x00, 0xf8, 0x07, 0x00,
    0x00, 0xf0, 0x07, 0x00, 0x00, 0xe0, 0x07, 0x00,
};
static const uint8_t *const icon_nintendo_64_2_frames[] = {icon_nintendo_64_2_frame0, icon_nintendo_64_2_frame1, icon_nintendo_64_2_frame2, icon_nintendo_64_2_frame3};

static const uint8_t icon_nintendo_gamecube_frame0[] PROGMEM = {
    0x00, 0x00, 0x00, 0x00, 0x00, 0x00, 0x00, 0x00, 0x00, 0x00, 0x00, 0x00,
    0x00, 0x00, 0x00, 0x00, 0x00, 0x00, 0x00, 0x00, 0x00, 0x00, 0x00, 0x00,
    0x00, 0x00, 0x00, 0x00, 0xc0, 0xff, 0xff, 0x03, 0xf8, 0x07, 0xe0, 0x1f,
    0x3e, 0x07, 0xe0, 0x7c, 0xef, 0x00, 0x00, 0xf7, 0x1f, 0x00, 0x00, 0xf0,
    0x07, 0x00, 0x00, 0xe0, 0x05, 0x09, 0x00, 0xa0, 0x03, 0x02, 0x00, 0xc0,
    0x02, 0x02, 0x00, 0x40, 0x02, 0x02, 0x00, 0x40, 0x02, 0x02, 0x00, 0x40,
    0x02, 0x01, 0x00, 0x40, 0x83, 0x00, 0x00, 0xc0, 0x07, 0xc0, 0x43, 0xe0,
    0x0b, 0xc0, 0x03, 0xd0, 0x23, 0xc1, 0x83, 0xc4, 0x43, 0xc0, 0x83, 0xc2,
    0xc3, 0xb2, 0x45, 0xc3, 0xe3, 0x5c, 0x3a, 0xc7, 0xa2, 0xa1, 0x85, 0x45,
    0xbe, 0xdd, 0xbb, 0x7d, 0xef, 0xff, 0xff, 0xf7, 0xd5, 0x7f, 0xfe, 0xab,
    0xf7, 0x00, 0x00, 0xef, 0x7f, 0x00, 0x00, 0xfe,
};
static const uint8_t icon_nintendo_gamecube_frame1[] PROGMEM = {
    0x00, 0x00, 0x00, 0x00, 0x00, 0x00, 0x00, 0x00, 0x00, 0x00, 0x00, 0x00,
    0xc0, 0xff, 0xff, 0x03, 0xf8, 0x07, 0xe0, 0x1f, 0x3e, 0x07, 0xe0, 0x7c,
    0xef, 0x00, 0x00, 0xf7, 0x1f, 0x00, 0x00, 0xf0, 0x07, 0x00, 0x00, 0xe0,
    0x05, 0x09, 0x00, 0xa0, 0x03, 0x02, 0x00, 0xc0, 0x02, 0x02, 0x00, 0x40,
    0x02, 0x02, 0x00, 0x40, 0x02, 0x02, 0x00, 0x40, 0x02, 0x01, 0x00, 0x40,
    0x83, 0x00, 0x00, 0xc0, 0x07, 0xc0, 0x43, 0xe0, 0x0b, 0xc0, 0x03, 0xd0,
    0x23, 0xc1, 0x83, 0xc4, 0x43, 0xc0, 0x83, 0xc2, 0xc3, 0xb2, 0x45, 0xc3,
    0xe3, 0x5c, 0x3a, 0xc7, 0xa2, 0xa1, 0x85, 0x45, 0xbe, 0xdd, 0xbb, 0x7d,
    0xef, 0xff, 0xff, 0xf7, 0xd5, 0x7f, 0xfe, 0xab, 0xf7, 0x00, 0x00, 0xef,
    0x7f, 0x00, 0x00, 0xfe, 0x00, 0x00, 0x00, 0x00, 0x00, 0x00, 0x00, 0x00,
    0x00, 0x00, 0x00, 0x00, 0x00, 0x00, 0x00, 0x00,
};
static const uint8_t icon_nintendo_gamecube_frame2[] PROGMEM = {
    0x00, 0x00, 0x00, 0x00, 0x00, 0x00, 0x00, 0x00, 0x00, 0x00, 0x00, 0x00,
    0xc0, 0xff, 0xff, 0x03, 0xf8, 0x07, 0xe0, 0x1f, 0x3e, 0x07, 0xe0, 0x7c,
    0xef, 0x00, 0x00, 0xf7, 0x1f, 0x00, 0x00, 0xf0, 0x07, 0x00, 0x00, 0xe0,
    0x05, 0x09, 0x00, 0xa0, 0x03, 0x02, 0x00, 0xc0, 0x02, 0x02, 0x00, 0x40,
    0x02, 0x02, 0x00, 0x40, 0x02, 0x02, 0x00, 0x40, 0x02, 0x01, 0x00, 0x40,
    0x83, 0x00, 0x00, 0xc0, 0x07, 0xc0, 0x43, 0xe0, 0x0b, 0xc0, 0x03, 0xd0,
    0x23, 0xc1, 0x83, 0xc4, 0x43, 0xc0, 0x83, 0xc2, 0xc3, 0xb2, 0x45, 0xc3,
    0xe3, 0x5c, 0x3a, 0xc7, 0xa2, 0xa1, 0x85, 0x45, 0xbe, 0xdd, 0xbb, 0x7d,
    0xef, 0xff, 0xff, 0xf7, 0xd5, 0x7f, 0xfe, 0xab, 0xf7, 0x00, 0x00, 0xef,
    0x7f, 0x00, 0x00, 0xfe, 0x00, 0x00, 0x00, 0x00, 0x00, 0x00, 0x00, 0x00,
    0x00, 0x00, 0x00, 0x00, 0x00, 0x00, 0x00, 0x00,
};
static const uint8_t icon_nintendo_gamecube_frame3[] PROGMEM = {
    0x00, 0x00, 0x00, 0x00, 0x00, 0x00, 0x00, 0x00, 0x00, 0x00, 0x00, 0x00,
    0x00, 0x00, 0x00, 0x00, 0x00, 0x00, 0x00, 0x00, 0x00, 0x00, 0x00, 0x00,
    0x00, 0x00, 0x00, 0x00, 0xc0, 0xff, 0xff, 0x03, 0xf8, 0x07, 0xe0, 0x1f,
    0x3e, 0x07, 0xe0, 0x7c, 0xef, 0x00, 0x00, 0xf7, 0x1f, 0x00, 0x00, 0xf0,
    0x07, 0x00, 0x00, 0xe0, 0x05, 0x09, 0x00, 0xa0, 0x03, 0x02, 0x00, 0xc0,
    0x02, 0x02, 0x00, 0x40, 0x02, 0x02, 0x00, 0x40, 0x02, 0x02, 0x00, 0x40,
    0x02, 0x01, 0x00, 0x40, 0x83, 0x00, 0x00, 0xc0, 0x07, 0xc0, 0x43, 0xe0,
    0x0b, 0xc0, 0x03, 0xd0, 0x23, 0xc1, 0x83, 0xc4, 0x43, 0xc0, 0x83, 0xc2,
    0xc3, 0xb2, 0x45, 0xc3, 0xe3, 0x5c, 0x3a, 0xc7, 0xa2, 0xa1, 0x85, 0x45,
    0xbe, 0xdd, 0xbb, 0x7d, 0xef, 0xff, 0xff, 0xf7, 0xd5, 0x7f, 0xfe, 0xab,
    0xf7, 0x00, 0x00, 0xef, 0x7f, 0x00, 0x00, 0xfe,
};
static const uint8_t *const icon_nintendo_gamecube_frames[] = {icon_nintendo_gamecube_frame0, icon_nintendo_gamecube_frame1, icon_nintendo_gamecube_frame2, icon_nintendo_gamecube_frame3};

static const uint8_t icon_gamecube_frame0[] PROGMEM = {
    0x00, 0x00, 0x00, 0x00, 0xff, 0xff, 0xff, 0xff, 0xff, 0xff, 0xff, 0xff,
    0x00, 0x80, 0x01, 0x00, 0x00, 0xe0, 0x03, 0x00, 0x00, 0x38, 0x0e, 0x00,
    0x00, 0x0e, 0x38, 0x00, 0x80, 0x03, 0xe0, 0x00, 0xc0, 0x80, 0x80, 0x01,
    0x70, 0xe0, 0x03, 0x03, 0x18, 0x38, 0x8e, 0x19, 0x0c, 0xcc, 0xf9, 0x1c,
    0x3c, 0x73, 0x27, 0x1f, 0xfc, 0x1d, 0xdc, 0x1f, 0xfc, 0x06, 0xf0, 0x1f,
    0xfc, 0x06, 0xf0, 0x1f, 0xfc, 0x1e, 0xfc, 0x1f, 0xfc, 0x7e, 0xfe, 0x1f,
    0xfc, 0xfe, 0xff, 0x1f, 0xfc, 0xfe, 0xff, 0x1f, 0xfc, 0xfe, 0xbf, 0x1f,
    0xfc, 0xfe, 0xbf, 0x1f, 0xfc, 0xfc, 0xbf, 0x1f, 0xfc, 0xfb, 0xcf, 0x1f,
    0xfc, 0xe7, 0xf3, 0x1f, 0xfc, 0x9f, 0xfd, 0x1f, 0xf8, 0x7f, 0xfe, 0x0f,
    0xe0, 0xff, 0xff, 0x07, 0xc0, 0xff, 0xff, 0x01, 0x00, 0xff, 0x7f, 0x00,
    0x00, 0xfc, 0x1f, 0x00, 0x00, 0xf0, 0x0f, 0x00,
};
static const uint8_t icon_gamecube_frame1[] PROGMEM = {
    0x00, 0xe0, 0x03, 0x00, 0x00, 0x38, 0x0e, 0x00, 0x00, 0x0e, 0x38, 0x00,
    0x80, 0x03, 0xe0, 0x00, 0xc0, 0x80, 0x80, 0x01, 0x70, 0xe0, 0x03, 0x03,
    0x18, 0x38, 0x8e, 0x19, 0x0c, 0xcc, 0xf9, 0x1c, 0x3c, 0x73, 0x27, 0x1f,
    0xfc, 0x1d, 0xdc, 0x1f, 0xfc, 0x06, 0xf0, 0x1f, 0xfc, 0x06, 0xf0, 0x1f,
    0xfc, 0x1e, 0xfc, 0x1f, 0xfc, 0x7e, 0xfe, 0x1f, 0xfc, 0xfe, 0xff, 0x1f,
    0xfc, 0xfe, 0xff, 0x1f, 0xfc, 0xfe, 0xbf, 0x1f, 0xfc, 0xfe, 0xbf, 0x1f,
    0xfc, 0xfc, 0xbf, 0x1f, 0xfc, 0xfb, 0xcf, 0x1f, 0xfc, 0xe7, 0xf3, 0x1f,
    0xfc, 0x9f, 0xfd, 0x1f, 0xf8, 0x7f, 0xfe, 0x0f, 0xe0, 0xff, 0xff, 0x07,
    0xc0, 0xff, 0xff, 0x01, 0x00, 0xff, 0x7f, 0x00, 0x00, 0xfc, 0x1f, 0x00,
    0x00, 0xf0, 0x0f, 0x00, 0x00, 0xe0, 0x03, 0x00, 0x00, 0x80, 0x00, 0x00,
    0xff, 0xff, 0xff, 0xff, 0xff, 0xff, 0xff, 0xff,
};
static const uint8_t icon_gamecube_frame2[] PROGMEM = {
    0x00, 0xe0, 0x03, 0x00, 0x00, 0x38, 0x0e, 0x00, 0x00, 0x0e, 0x38, 0x00,
    0x80, 0x03, 0xe0, 0x00, 0xc0, 0x80, 0x80, 0x01, 0x70, 0xe0, 0x03, 0x03,
    0x18, 0x38, 0x8e, 0x19, 0x0c, 0xcc, 0xf9, 0x1c, 0x3c, 0x73, 0x27, 0x1f,
    0xfc, 0x1d, 0xdc, 0x1f, 0xfc, 0x06, 0xf0, 0x1f, 0xfc, 0x06, 0xf0, 0x1f,
    0xfc, 0x1e, 0xfc, 0x1f, 0xfc, 0x7e, 0xfe, 0x1f, 0xfc, 0xfe, 0xff, 0x1f,
    0xfc, 0xfe, 0xff, 0x1f, 0xfc, 0xfe, 0xbf, 0x1f, 0xfc, 0xfe, 0xbf, 0x1f,
    0xfc, 0xfc, 0xbf, 0x1f, 0xfc, 0xfb, 0xcf, 0x1f, 0xfc, 0xe7, 0xf3, 0x1f,
    0xfc, 0x9f, 0xfd, 0x1f, 0xf8, 0x7f, 0xfe, 0x0f, 0xe0, 0xff, 0xff, 0x07,
    0xc0, 0xff, 0xff, 0x01, 0x00, 0xff, 0x7f, 0x00, 0x00, 0xfc, 0x1f, 0x00,
    0x00, 0xf0, 0x0f, 0x00, 0x00, 0xe0, 0x03, 0x00, 0x00, 0x80, 0x00, 0x00,
    0xff, 0xff, 0xff, 0xff, 0xff, 0xff, 0xff, 0xff,
};
static const uint8_t icon_gamecube_frame3[] PROGMEM = {
    0x00, 0x00, 0x00, 0x00, 0xff, 0xff, 0xff, 0xff, 0xff, 0xff, 0xff, 0xff,
    0x00, 0x80, 0x01, 0x00, 0x00, 0xe0, 0x03, 0x00, 0x00, 0x38, 0x0e, 0x00,
    0x00, 0x0e, 0x38, 0x00, 0x80, 0x03, 0xe0, 0x00, 0xc0, 0x80, 0x80, 0x01,
    0x70, 0xe0, 0x03, 0x03, 0x18, 0x38, 0x8e, 0x19, 0x0c, 0xcc, 0xf9, 0x1c,
    0x3c, 0x73, 0x27, 0x1f, 0xfc, 0x1d, 0xdc, 0x1f, 0xfc, 0x06, 0xf0, 0x1f,
    0xfc, 0x06, 0xf0, 0x1f, 0xfc, 0x1e, 0xfc, 0x1f, 0xfc, 0x7e, 0xfe, 0x1f,
    0xfc, 0xfe, 0xff, 0x1f, 0xfc, 0xfe, 0xff, 0x1f, 0xfc, 0xfe, 0xbf, 0x1f,
    0xfc, 0xfe, 0xbf, 0x1f, 0xfc, 0xfc, 0xbf, 0x1f, 0xfc, 0xfb, 0xcf, 0x1f,
    0xfc, 0xe7, 0xf3, 0x1f, 0xfc, 0x9f, 0xfd, 0x1f, 0xf8, 0x7f, 0xfe, 0x0f,
    0xe0, 0xff, 0xff, 0x07, 0xc0, 0xff, 0xff, 0x01, 0x00, 0xff, 0x7f, 0x00,
    0x00, 0xfc, 0x1f, 0x00, 0x00, 0xf0, 0x0f, 0x00,
};
static const uint8_t *const icon_gamecube_frames[] = {icon_gamecube_frame0, icon_gamecube_frame1, icon_gamecube_frame2, icon_gamecube_frame3};

static const uint8_t icon_wii_frame0[] PROGMEM = {
    0x00, 0x00, 0x00, 0x00, 0x00, 0x00, 0x00, 0x00, 0x00, 0x00, 0x00, 0x00,
    0x00, 0x00, 0x00, 0x00, 0xff, 0xff, 0xff, 0xff, 0xff, 0xff, 0xff, 0xff,
    0x00, 0x00, 0x00, 0x00, 0x00, 0x00, 0x00, 0x00, 0x00, 0x00, 0x00, 0x00,
    0x00, 0x00, 0x00, 0x00, 0x00, 0x00, 0x00, 0x00, 0x00, 0x00, 0x00, 0x00,
    0x00, 0x00, 0x00, 0x00, 0x00, 0x04, 0xc0, 0x30, 0x0e, 0x0e, 0xce, 0x31,
    0x0c, 0x0e, 0x06, 0x00, 0x0c, 0x1f, 0x06, 0x00, 0x1c, 0x1f, 0x07, 0x00,
    0x18, 0x1b, 0xc3, 0x30, 0x18, 0x1b, 0xc3, 0x30, 0x98, 0x31, 0xc3, 0x30,
    0xb8, 0xb1, 0xc3, 0x30, 0xb0, 0xb1, 0xc1, 0x30, 0xf0, 0xe1, 0xc1, 0x30,
    0xf0, 0xe0, 0xc1, 0x30, 0xe0, 0xe0, 0xc0, 0x30, 0x40, 0xc0, 0xc0, 0x10,
    0x00, 0x00, 0x00, 0x00, 0x00, 0x00, 0x00, 0x00, 0x00, 0x00, 0x00, 0x00,
    0x00, 0x00, 0x00, 0x00, 0xff, 0xff, 0xff, 0xff,
};
static const uint8_t icon_wii_frame1[] PROGMEM = {
    0xff, 0xff, 0xff, 0xff, 0xff, 0xff, 0xff, 0xff, 0x00, 0x00, 0x00, 0x00,
    0x00, 0x00, 0x00, 0x00, 0x00, 0x00, 0x00, 0x00, 0x00, 0x00, 0x00, 0x00,
    0x00, 0x00, 0x00, 0x00, 0x00, 0x00, 0x00, 0x00, 0x00, 0x00, 0x00, 0x00,
    0x00, 0x04, 0xc0, 0x30, 0x0e, 0x0e, 0xce, 0x31, 0x0c, 0x0e, 0x06, 0x00,
    0x0c, 0x1f, 0x06, 0x00, 0x1c, 0x1f, 0x07, 0x00, 0x18, 0x1b, 0xc3, 0x30,
    0x18, 0x1b, 0xc3, 0x30, 0x98, 0x31, 0xc3, 0x30, 0xb8, 0xb1, 0xc3, 0x30,
    0xb0, 0xb1, 0xc1, 0x30, 0xf0, 0xe1, 0xc1, 0x30, 0xf0, 0xe0, 0xc1, 0x30,
    0xe0, 0xe0, 0xc0, 0x30, 0x40, 0xc0, 0xc0, 0x10, 0x00, 0x00, 0x00, 0x00,
    0x00, 0x00, 0x00, 0x00, 0x00, 0x00, 0x00, 0x00, 0x00, 0x00, 0x00, 0x00,
    0xff, 0xff, 0xff, 0xff, 0xff, 0xff, 0xff, 0xff, 0x00, 0x00, 0x00, 0x00,
    0x00, 0x00, 0x00, 0x00, 0x00, 0x00, 0x00, 0x00,
};
static const uint8_t icon_wii_frame2[] PROGMEM = {
    0xff, 0xff, 0xff, 0xff, 0xff, 0xff, 0xff, 0xff, 0x00, 0x00, 0x00, 0x00,
    0x00, 0x00, 0x00, 0x00, 0x00, 0x00, 0x00, 0x00, 0x00, 0x00, 0x00, 0x00,
    0x00, 0x00, 0x00, 0x00, 0x00, 0x00, 0x00, 0x00, 0x00, 0x00, 0x00, 0x00,
    0x00, 0x04, 0xc0, 0x30, 0x0e, 0x0e, 0xce, 0x31, 0x0c, 0x0e, 0x06, 0x00,
    0x0c, 0x1f, 0x06, 0x00, 0x1c, 0x1f, 0x07, 0x00, 0x18, 0x1b, 0xc3, 0x30,
    0x18, 0x1b, 0xc3, 0x30, 0x98, 0x31, 0xc3, 0x30, 0xb8, 0xb1, 0xc3, 0x30,
    0xb0, 0xb1, 0xc1, 0x30, 0xf0, 0xe1, 0xc1, 0x30, 0xf0, 0xe0, 0xc1, 0x30,
    0xe0, 0xe0, 0xc0, 0x30, 0x40, 0xc0, 0xc0, 0x10, 0x00, 0x00, 0x00, 0x00,
    0x00, 0x00, 0x00, 0x00, 0x00, 0x00, 0x00, 0x00, 0x00, 0x00, 0x00, 0x00,
    0xff, 0xff, 0xff, 0xff, 0xff, 0xff, 0xff, 0xff, 0x00, 0x00, 0x00, 0x00,
    0x00, 0x00, 0x00, 0x00, 0x00, 0x00, 0x00, 0x00,
};
static const uint8_t icon_wii_frame3[] PROGMEM = {
    0x00, 0x00, 0x00, 0x00, 0x00, 0x00, 0x00, 0x00, 0x00, 0x00, 0x00, 0x00,
    0x00, 0x00, 0x00, 0x00, 0xff, 0xff, 0xff, 0xff, 0xff, 0xff, 0xff, 0xff,
    0x00, 0x00, 0x00, 0x00, 0x00, 0x00, 0x00, 0x00, 0x00, 0x00, 0x00, 0x00,
    0x00, 0x00, 0x00, 0x00, 0x00, 0x00, 0x00, 0x00, 0x00, 0x00, 0x00, 0x00,
    0x00, 0x00, 0x00, 0x00, 0x00, 0x04, 0xc0, 0x30, 0x0e, 0x0e, 0xce, 0x31,
    0x0c, 0x0e, 0x06, 0x00, 0x0c, 0x1f, 0x06, 0x00, 0x1c, 0x1f, 0x07, 0x00,
    0x18, 0x1b, 0xc3, 0x30, 0x18, 0x1b, 0xc3, 0x30, 0x98, 0x31, 0xc3, 0x30,
    0xb8, 0xb1, 0xc3, 0x30, 0xb0, 0xb1, 0xc1, 0x30, 0xf0, 0xe1, 0xc1, 0x30,
    0xf0, 0xe0, 0xc1, 0x30, 0xe0, 0xe0, 0xc0, 0x30, 0x40, 0xc0, 0xc0, 0x10,
    0x00, 0x00, 0x00, 0x00, 0x00, 0x00, 0x00, 0x00, 0x00, 0x00, 0x00, 0x00,
    0x00, 0x00, 0x00, 0x00, 0xff, 0xff, 0xff, 0xff,
};
static const uint8_t *const icon_wii_frames[] = {icon_wii_frame0, icon_wii_frame1, icon_wii_frame2, icon_wii_frame3};

static const uint8_t icon_gameboy_advance_frame0[] PROGMEM = {
    0x00, 0x00, 0x00, 0x00, 0x00, 0x00, 0x00, 0x00, 0x00, 0x00, 0x00, 0x00,
    0x00, 0x00, 0x00, 0x00, 0x00, 0x00, 0x00, 0x00, 0x00, 0x00, 0x00, 0x00,
    0x00, 0x00, 0x00, 0x00, 0x00, 0x00, 0x00, 0x00, 0xc0, 0xff, 0xff, 0x03,
    0xfe, 0xff, 0xff, 0x7f, 0x3f, 0x01, 0x00, 0xfc, 0x0b, 0x00, 0x00, 0xd0,
    0xc1, 0xff, 0xff, 0x83, 0xf8, 0xff, 0xff, 0x1f, 0xfc, 0x03, 0xc0, 0x3d,
    0xcc, 0x01, 0xc0, 0x3f, 0x84, 0x03, 0xc0, 0x07, 0x84, 0x03, 0xc0, 0x01,
    0xcd, 0x03, 0xc0, 0x28, 0xfd, 0x03, 0xc0, 0xb9, 0xbd, 0x03, 0xc0, 0xbf,
    0xbd, 0x03, 0xc0, 0xbf, 0xbd, 0x0f, 0xf0, 0xbf, 0xf9, 0x07, 0x70, 0x9f,
    0xc0, 0xff, 0x8e, 0x03, 0x07, 0x9c, 0x3c, 0xe0, 0x33, 0x00, 0x00, 0xcc,
    0x9f, 0x00, 0x00, 0xf9, 0xfc, 0xe0, 0x07, 0x3f, 0xe0, 0xff, 0xff, 0x07,
    0x00, 0xfc, 0x3f, 0x00, 0x00, 0x00, 0x00, 0x00,
};
static const uint8_t icon_gameboy_advance_frame1[] PROGMEM = {
    0x00, 0x00, 0x00, 0x00, 0x00, 0x00, 0x00, 0x00, 0x00, 0x00, 0x00, 0x00,
    0x00, 0x00, 0x00, 0x00, 0xc0, 0xff, 0xff, 0x03, 0xfe, 0xff, 0xff, 0x7f,
    0x3f, 0x01, 0x00, 0xfc, 0x0b, 0x00, 0x00, 0xd0, 0xc1, 0xff, 0xff, 0x83,
    0xf8, 0xff, 0xff, 0x1f, 0xfc, 0x03, 0xc0, 0x3d, 0xcc, 0x01, 0xc0, 0x3f,
    0x84, 0x03, 0xc0, 0x07, 0x84, 0x03, 0xc0, 0x01, 0xcd, 0x03, 0xc0, 0x28,
    0xfd, 0x03, 0xc0, 0xb9, 0xbd, 0x03, 0xc0, 0xbf, 0xbd, 0x03, 0xc0, 0xbf,
    0xbd, 0x0f, 0xf0, 0xbf, 0xf9, 0x07, 0x70, 0x9f, 0xc0, 0xff, 0x8e, 0x03,
    0x07, 0x9c, 0x3c, 0xe0, 0x33, 0x00, 0x00, 0xcc, 0x9f, 0x00, 0x00, 0xf9,
    0xfc, 0xe0, 0x07, 0x3f, 0xe0, 0xff, 0xff, 0x07, 0x00, 0xfc, 0x3f, 0x00,
    0x00, 0x00, 0x00, 0x00, 0x00, 0x00, 0x00, 0x00, 0x00, 0x00, 0x00, 0x00,
    0x00, 0x00, 0x00, 0x00, 0x00, 0x00, 0x00, 0x00,
};
static const uint8_t icon_gameboy_advance_frame2[] PROGMEM = {
    0x00, 0x00, 0x00, 0x00, 0x00, 0x00, 0x00, 0x00, 0x00, 0x00, 0x00, 0x00,
    0x00, 0x00, 0x00, 0x00, 0xc0, 0xff, 0xff, 0x03, 0xfe, 0xff, 0xff, 0x7f,
    0x3f, 0x01, 0x00, 0xfc, 0x0b, 0x00, 0x00, 0xd0, 0xc1, 0xff, 0xff, 0x83,
    0xf8, 0xff, 0xff, 0x1f, 0xfc, 0x03, 0xc0, 0x3d, 0xcc, 0x01, 0xc0, 0x3f,
    0x84, 0x03, 0xc0, 0x07, 0x84, 0x03, 0xc0, 0x01, 0xcd, 0x03, 0xc0, 0x28,
    0xfd, 0x03, 0xc0, 0xb9, 0xbd, 0x03, 0xc0, 0xbf, 0xbd, 0x03, 0xc0, 0xbf,
    0xbd, 0x0f, 0xf0, 0xbf, 0xf9, 0x07, 0x70, 0x9f, 0xc0, 0xff, 0x8e, 0x03,
    0x07, 0x9c, 0x3c, 0xe0, 0x33, 0x00, 0x00, 0xcc, 0x9f, 0x00, 0x00, 0xf9,
    0xfc, 0xe0, 0x07, 0x3f, 0xe0, 0xff, 0xff, 0x07, 0x00, 0xfc, 0x3f, 0x00,
    0x00, 0x00, 0x00, 0x00, 0x00, 0x00, 0x00, 0x00, 0x00, 0x00, 0x00, 0x00,
    0x00, 0x00, 0x00, 0x00, 0x00, 0x00, 0x00, 0x00,
};
static const uint8_t icon_gameboy_advance_frame3[] PROGMEM = {
    0x00, 0x00, 0x00, 0x00, 0x00, 0x00, 0x00, 0x00, 0x00, 0x00, 0x00, 0x00,
    0x00, 0x00, 0x00, 0x00, 0x00, 0x00, 0x00, 0x00, 0x00, 0x00, 0x00, 0x00,
    0x00, 0x00, 0x00, 0x00, 0x00, 0x00, 0x00, 0x00, 0xc0, 0xff, 0xff, 0x03,
    0xfe, 0xff, 0xff, 0x7f, 0x3f, 0x01, 0x00, 0xfc, 0x0b, 0x00, 0x00, 0xd0,
    0xc1, 0xff, 0xff, 0x83, 0xf8, 0xff, 0xff, 0x1f, 0xfc, 0x03, 0xc0, 0x3d,
    0xcc, 0x01, 0xc0, 0x3f, 0x84, 0x03, 0xc0, 0x07, 0x84, 0x03, 0xc0, 0x01,
    0xcd, 0x03, 0xc0, 0x28, 0xfd, 0x03, 0xc0, 0xb9, 0xbd, 0x03, 0xc0, 0xbf,
    0xbd, 0x03, 0xc0, 0xbf, 0xbd, 0x0f, 0xf0, 0xbf, 0xf9, 0x07, 0x70, 0x9f,
    0xc0, 0xff, 0x8e, 0x03, 0x07, 0x9c, 0x3c, 0xe0, 0x33, 0x00, 0x00, 0xcc,
    0x9f, 0x00, 0x00, 0xf9, 0xfc, 0xe0, 0x07, 0x3f, 0xe0, 0xff, 0xff, 0x07,
    0x00, 0xfc, 0x3f, 0x00, 0x00, 0x00, 0x00, 0x00,
};
static const uint8_t *const icon_gameboy_advance_frames[] = {icon_gameboy_advance_frame0, icon_gameboy_advance_frame1, icon_gameboy_advance_frame2, icon_gameboy_advance_frame3};

static const uint8_t icon_gameboy_micro_frame0[] PROGMEM = {
    0x00, 0x00, 0x00, 0x00, 0x00, 0x00, 0x00, 0x00, 0x00, 0x00, 0x00, 0x00,
    0x00, 0x00, 0x00, 0x00, 0x00, 0x00, 0x00, 0x00, 0x00, 0x00, 0x00, 0x00,
    0x00, 0x00, 0x00, 0x00, 0x00, 0x00, 0x00, 0x00, 0x1f, 0x00, 0x00, 0xf8,
    0xff, 0xff, 0xff, 0xff, 0xff, 0xff, 0xff, 0xff, 0xe3, 0xff, 0xff, 0xcf,
    0x01, 0x00, 0x00, 0x80, 0x09, 0x00, 0x00, 0x80, 0x01, 0x00, 0x00, 0x90,
    0x21, 0x00, 0x00, 0x90, 0x31, 0x00, 0x00, 0xb8, 0xb9, 0x00, 0x00, 0x97,
    0x19, 0x00, 0x00, 0x83, 0x01, 0x00, 0x00, 0x80, 0x01, 0x00, 0x00, 0x80,
    0x01, 0x00, 0x00, 0x80, 0x01, 0x00, 0x00, 0x80, 0x01, 0x00, 0x00, 0x80,
    0x01, 0xd0, 0x0f, 0x80, 0xff, 0x0f, 0x91, 0xff, 0xff, 0xff, 0xff, 0xff,
    0xff, 0xff, 0xff, 0xff, 0xff, 0xff, 0xff, 0xff, 0xff, 0xff, 0xff, 0xff,
    0x00, 0x00, 0x00, 0x00, 0x00, 0x00, 0x00, 0x00,
};
static const uint8_t icon_gameboy_micro_frame1[] PROGMEM = {
    0x00, 0x00, 0x00, 0x00, 0x00, 0x00, 0x00, 0x00, 0x00, 0x00, 0x00, 0x00,
    0x00, 0x00, 0x00, 0x00, 0x1f, 0x00, 0x00, 0xf8, 0xff, 0xff, 0xff, 0xff,
    0xff, 0xff, 0xff, 0xff, 0xe3, 0xff, 0xff, 0xcf, 0x01, 0x00, 0x00, 0x80,
    0x09, 0x00, 0x00, 0x80, 0x01, 0x00, 0x00, 0x90, 0x21, 0x00, 0x00, 0x90,
    0x31, 0x00, 0x00, 0xb8, 0xb9, 0x00, 0x00, 0x97, 0x19, 0x00, 0x00, 0x83,
    0x01, 0x00, 0x00, 0x80, 0x01, 0x00, 0x00, 0x80, 0x01, 0x00, 0x00, 0x80,
    0x01, 0x00, 0x00, 0x80, 0x01, 0x00, 0x00, 0x80, 0x01, 0xd0, 0x0f, 0x80,
    0xff, 0x0f, 0x91, 0xff, 0xff, 0xff, 0xff, 0xff, 0xff, 0xff, 0xff, 0xff,
    0xff, 0xff, 0xff, 0xff, 0xff, 0xff, 0xff, 0xff, 0x00, 0x00, 0x00, 0x00,
    0x00, 0x00, 0x00, 0x00, 0x00, 0x00, 0x00, 0x00, 0x00, 0x00, 0x00, 0x00,
    0x00, 0x00, 0x00, 0x00, 0x00, 0x00, 0x00, 0x00,
};
static const uint8_t icon_gameboy_micro_frame2[] PROGMEM = {
    0x00, 0x00, 0x00, 0x00, 0x00, 0x00, 0x00, 0x00, 0x00, 0x00, 0x00, 0x00,
    0x00, 0x00, 0x00, 0x00, 0x1f, 0x00, 0x00, 0xf8, 0xff, 0xff, 0xff, 0xff,
    0xff, 0xff, 0xff, 0xff, 0xe3, 0xff, 0xff, 0xcf, 0x01, 0x00, 0x00, 0x80,
    0x09, 0x00, 0x00, 0x80, 0x01, 0x00, 0x00, 0x90, 0x21, 0x00, 0x00, 0x90,
    0x31, 0x00, 0x00, 0xb8, 0xb9, 0x00, 0x00, 0x97, 0x19, 0x00, 0x00, 0x83,
    0x01, 0x00, 0x00, 0x80, 0x01, 0x00, 0x00, 0x80, 0x01, 0x00, 0x00, 0x80,
    0x01, 0x00, 0x00, 0x80, 0x01, 0x00, 0x00, 0x80, 0x01, 0xd0, 0x0f, 0x80,
    0xff, 0x0f, 0x91, 0xff, 0xff, 0xff, 0xff, 0xff, 0xff, 0xff, 0xff, 0xff,
    0xff, 0xff, 0xff, 0xff, 0xff, 0xff, 0xff, 0xff, 0x00, 0x00, 0x00, 0x00,
    0x00, 0x00, 0x00, 0x00, 0x00, 0x00, 0x00, 0x00, 0x00, 0x00, 0x00, 0x00,
    0x00, 0x00, 0x00, 0x00, 0x00, 0x00, 0x00, 0x00,
};
static const uint8_t icon_gameboy_micro_frame3[] PROGMEM = {
    0x00, 0x00, 0x00, 0x00, 0x00, 0x00, 0x00, 0x00, 0x00, 0x00, 0x00, 0x00,
    0x00, 0x00, 0x00, 0x00, 0x00, 0x00, 0x00, 0x00, 0x00, 0x00, 0x00, 0x00,
    0x00, 0x00, 0x00, 0x00, 0x00, 0x00, 0x00, 0x00, 0x1f, 0x00, 0x00, 0xf8,
    0xff, 0xff, 0xff, 0xff, 0xff, 0xff, 0xff, 0xff, 0xe3, 0xff, 0xff, 0xcf,
    0x01, 0x00, 0x00, 0x80, 0x09, 0x00, 0x00, 0x80, 0x01, 0x00, 0x00, 0x90,
    0x21, 0x00, 0x00, 0x90, 0x31, 0x00, 0x00, 0xb8, 0xb9, 0x00, 0x00, 0x97,
    0x19, 0x00, 0x00, 0x83, 0x01, 0x00, 0x00, 0x80, 0x01, 0x00, 0x00, 0x80,
    0x01, 0x00, 0x00, 0x80, 0x01, 0x00, 0x00, 0x80, 0x01, 0x00, 0x00, 0x80,
    0x01, 0xd0, 0x0f, 0x80, 0xff, 0x0f, 0x91, 0xff, 0xff, 0xff, 0xff, 0xff,
    0xff, 0xff, 0xff, 0xff, 0xff, 0xff, 0xff, 0xff, 0xff, 0xff, 0xff, 0xff,
    0x00, 0x00, 0x00, 0x00, 0x00, 0x00, 0x00, 0x00,
};
static const uint8_t *const icon_gameboy_micro_frames[] = {icon_gameboy_micro_frame0, icon_gameboy_micro_frame1, icon_gameboy_micro_frame2, icon_gameboy_micro_frame3};

static const uint8_t icon_sega_mega_drive_frame0[] PROGMEM = {
    0x00, 0x00, 0x00, 0x00, 0x00, 0x00, 0x00, 0x00, 0x00, 0x00, 0x00, 0x00,
    0x00, 0x00, 0x00, 0x00, 0x00, 0x00, 0x00, 0x00, 0x00, 0x00, 0x00, 0x00,
    0x00, 0x00, 0x00, 0x00, 0x00, 0x00, 0x00, 0x00, 0x00, 0xfe, 0x7f, 0x00,
    0xc0, 0xff, 0xff, 0x03, 0xf0, 0xf9, 0x9f, 0x0f, 0x78, 0x03, 0xc0, 0x1e,
    0x5e, 0x00, 0x00, 0x7a, 0x2e, 0x00, 0x00, 0x74, 0x1f, 0x00, 0x00, 0xf8,
    0x0b, 0x00, 0x00, 0xd0, 0x05, 0x00, 0x30, 0xa0, 0x03, 0x00, 0x00, 0xc8,
    0x02, 0x00, 0x40, 0x47, 0x02, 0x88, 0x01, 0x44, 0x23, 0x64, 0x04, 0xcc,
    0x03, 0xe0, 0x07, 0xc4, 0x03, 0xf1, 0x1f, 0xe0, 0x06, 0x84, 0x21, 0x50,
    0x0a, 0xfd, 0x9f, 0x5d, 0xf3, 0xf6, 0x6f, 0xdf, 0x85, 0xfd, 0xbf, 0xb1,
    0x7b, 0x1f, 0xf8, 0xde, 0xff, 0x07, 0xe0, 0xff, 0xfe, 0x01, 0x80, 0x7f,
    0x00, 0x00, 0x00, 0x00, 0x00, 0x00, 0x00, 0x00,
};
static const uint8_t icon_sega_mega_drive_frame1[] PROGMEM = {
    0x00, 0x00, 0x00, 0x00, 0x00, 0x00, 0x00, 0x00, 0x00, 0x00, 0x00, 0x00,
    0x00, 0x00, 0x00, 0x00, 0x00, 0xfe, 0x7f, 0x00, 0xc0, 0xff, 0xff, 0x03,
    0xf0, 0xf9, 0x9f, 0x0f, 0x78, 0x03, 0xc0, 0x1e, 0x5e, 0x00, 0x00, 0x7a,
    0x2e, 0x00, 0x00, 0x74, 0x1f, 0x00, 0x00, 0xf8, 0x0b, 0x00, 0x00, 0xd0,
    0x05, 0x00, 0x30, 0xa0, 0x03, 0x00, 0x00, 0xc8, 0x02, 0x00, 0x40, 0x47,
    0x02, 0x88, 0x01, 0x44, 0x23, 0x64, 0x04, 0xcc, 0x03, 0xe0, 0x07, 0xc4,
    0x03, 0xf1, 0x1f, 0xe0, 0x06, 0x84, 0x21, 0x50, 0x0a, 0xfd, 0x9f, 0x5d,
    0xf3, 0xf6, 0x6f, 0xdf, 0x85, 0xfd, 0xbf, 0xb1, 0x7b, 0x1f, 0xf8, 0xde,
    0xff, 0x07, 0xe0, 0xff, 0xfe, 0x01, 0x80, 0x7f, 0x00, 0x00, 0x00, 0x00,
    0x00, 0x00, 0x00, 0x00, 0x00, 0x00, 0x00, 0x00, 0x00, 0x00, 0x00, 0x00,
    0x00, 0x00, 0x00, 0x00, 0x00, 0x00, 0x00, 0x00,
};
static const uint8_t icon_sega_mega_drive_frame2[] PROGMEM = {
    0x00, 0x00, 0x00, 0x00, 0x00, 0x00, 0x00, 0x00, 0x00, 0x00, 0x00, 0x00,
    0x00, 0x00, 0x00, 0x00, 0x00, 0xfe, 0x7f, 0x00, 0xc0, 0xff, 0xff, 0x03,
    0xf0, 0xf9, 0x9f, 0x0f, 0x78, 0x03, 0xc0, 0x1e, 0x5e, 0x00, 0x00, 0x7a,
    0x2e, 0x00, 0x00, 0x74, 0x1f, 0x00, 0x00, 0xf8, 0x0b, 0x00, 0x00, 0xd0,
    0x05, 0x00, 0x30, 0xa0, 0x03, 0x00, 0x00, 0xc8, 0x02, 0x00, 0x40, 0x47,
    0x02, 0x88, 0x01, 0x44, 0x23, 0x64, 0x04, 0xcc, 0x03, 0xe0, 0x07, 0xc4,
    0x03, 0xf1, 0x1f, 0xe0, 0x06, 0x84, 0x21, 0x50, 0x0a, 0xfd, 0x9f, 0x5d,
    0xf3, 0xf6, 0x6f, 0xdf, 0x85, 0xfd, 0xbf, 0xb1, 0x7b, 0x1f, 0xf8, 0xde,
    0xff, 0x07, 0xe0, 0xff, 0xfe, 0x01, 0x80, 0x7f, 0x00, 0x00, 0x00, 0x00,
    0x00, 0x00, 0x00, 0x00, 0x00, 0x00, 0x00, 0x00, 0x00, 0x00, 0x00, 0x00,
    0x00, 0x00, 0x00, 0x00, 0x00, 0x00, 0x00, 0x00,
};
static const uint8_t icon_sega_mega_drive_frame3[] PROGMEM = {
    0x00, 0x00, 0x00, 0x00, 0x00, 0x00, 0x00, 0x00, 0x00, 0x00, 0x00, 0x00,
    0x00, 0x00, 0x00, 0x00, 0x00, 0x00, 0x00, 0x00, 0x00, 0x00, 0x00, 0x00,
    0x00, 0x00, 0x00, 0x00, 0x00, 0x00, 0x00, 0x00, 0x00, 0xfe, 0x7f, 0x00,
    0xc0, 0xff, 0xff, 0x03, 0xf0, 0xf9, 0x9f, 0x0f, 0x78, 0x03, 0xc0, 0x1e,
    0x5e, 0x00, 0x00, 0x7a, 0x2e, 0x00, 0x00, 0x74, 0x1f, 0x00, 0x00, 0xf8,
    0x0b, 0x00, 0x00, 0xd0, 0x05, 0x00, 0x30, 0xa0, 0x03, 0x00, 0x00, 0xc8,
    0x02, 0x00, 0x40, 0x47, 0x02, 0x88, 0x01, 0x44, 0x23, 0x64, 0x04, 0xcc,
    0x03, 0xe0, 0x07, 0xc4, 0x03, 0xf1, 0x1f, 0xe0, 0x06, 0x84, 0x21, 0x50,
    0x0a, 0xfd, 0x9f, 0x5d, 0xf3, 0xf6, 0x6f, 0xdf, 0x85, 0xfd, 0xbf, 0xb1,
    0x7b, 0x1f, 0xf8, 0xde, 0xff, 0x07, 0xe0, 0xff, 0xfe, 0x01, 0x80, 0x7f,
    0x00, 0x00, 0x00, 0x00, 0x00, 0x00, 0x00, 0x00,
};
static const uint8_t *const icon_sega_mega_drive_frames[] = {icon_sega_mega_drive_frame0, icon_sega_mega_drive_frame1, icon_sega_mega_drive_frame2, icon_sega_mega_drive_frame3};

static const uint8_t icon_sega_genesis_frame0[] PROGMEM = {
    0x00, 0x00, 0x00, 0x00, 0x00, 0x00, 0x00, 0x00, 0x00, 0x00, 0x00, 0x00,
    0x00, 0x00, 0x00, 0x00, 0x00, 0x00, 0x00, 0x00, 0x00, 0x00, 0x00, 0x00,
    0x00, 0x00, 0x00, 0x00, 0x00, 0xfe, 0x7f, 0x00, 0xc0, 0xff, 0xff, 0x03,
    0xf8, 0xf9, 0x9f, 0x1f, 0x3c, 0x03, 0xc0, 0x3c, 0x6e, 0x00, 0x00, 0x76,
    0x17, 0x00, 0x00, 0xe8, 0x0f, 0x00, 0x00, 0xf0, 0x05, 0x00, 0x00, 0xa0,
    0x03, 0x00, 0x00, 0xc0, 0x1a, 0x00, 0x00, 0x40, 0x01, 0x00, 0x00, 0x80,
    0x09, 0x00, 0x00, 0x80, 0x09, 0x00, 0x00, 0x80, 0x09, 0x00, 0x00, 0x80,
    0x22, 0x00, 0x00, 0x40, 0x0a, 0x04, 0x80, 0x5f, 0xfb, 0x73, 0xce, 0xdf,
    0xfd, 0xef, 0xf7, 0xbf, 0xf7, 0xff, 0xff, 0xef, 0xeb, 0x3a, 0x5c, 0xd7,
    0x17, 0x1d, 0xb8, 0xe8, 0xee, 0x0e, 0x70, 0x77, 0xfc, 0x07, 0xe0, 0x3f,
    0xf8, 0x03, 0xc0, 0x1f, 0x00, 0x00, 0x00, 0x00,
};
static const uint8_t icon_sega_genesis_frame1[] PROGMEM = {
    0x00, 0x00, 0x00, 0x00, 0x00, 0x00, 0x00, 0x00, 0x00, 0x00, 0x00, 0x00,
    0x00, 0xfe, 0x7f, 0x00, 0xc0, 0xff, 0xff, 0x03, 0xf8, 0xf9, 0x9f, 0x1f,
    0x3c, 0x03, 0xc0, 0x3c, 0x6e, 0x00, 0x00, 0x76, 0x17, 0x00, 0x00, 0xe8,
    0x0f, 0x00, 0x00, 0xf0, 0x05, 0x00, 0x00, 0xa0, 0x03, 0x00, 0x00, 0xc0,
    0x1a, 0x00, 0x00, 0x40, 0x01, 0x00, 0x00, 0x80, 0x09, 0x00, 0x00, 0x80,
    0x09, 0x00, 0x00, 0x80, 0x09, 0x00, 0x00, 0x80, 0x22, 0x00, 0x00, 0x40,
    0x0a, 0x04, 0x80, 0x5f, 0xfb, 0x73, 0xce, 0xdf, 0xfd, 0xef, 0xf7, 0xbf,
    0xf7, 0xff, 0xff, 0xef, 0xeb, 0x3a, 0x5c, 0xd7, 0x17, 0x1d, 0xb8, 0xe8,
    0xee, 0x0e, 0x70, 0x77, 0xfc, 0x07, 0xe0, 0x3f, 0xf8, 0x03, 0xc0, 0x1f,
    0x00, 0x00, 0x00, 0x00, 0x00, 0x00, 0x00, 0x00, 0x00, 0x00, 0x00, 0x00,
    0x00, 0x00, 0x00, 0x00, 0x00, 0x00, 0x00, 0x00,
};
static const uint8_t icon_sega_genesis_frame2[] PROGMEM = {
    0x00, 0x00, 0x00, 0x00, 0x00, 0x00, 0x00, 0x00, 0x00, 0x00, 0x00, 0x00,
    0x00, 0xfe, 0x7f, 0x00, 0xc0, 0xff, 0xff, 0x03, 0xf8, 0xf9, 0x9f, 0x1f,
    0x3c, 0x03, 0xc0, 0x3c, 0x6e, 0x00, 0x00, 0x76, 0x17, 0x00, 0x00, 0xe8,
    0x0f, 0x00, 0x00, 0xf0, 0x05, 0x00, 0x00, 0xa0, 0x03, 0x00, 0x00, 0xc0,
    0x1a, 0x00, 0x00, 0x40, 0x01, 0x00, 0x00, 0x80, 0x09, 0x00, 0x00, 0x80,
    0x09, 0x00, 0x00, 0x80, 0x09, 0x00, 0x00, 0x80, 0x22, 0x00, 0x00, 0x40,
    0x0a, 0x04, 0x80, 0x5f, 0xfb, 0x73, 0xce, 0xdf, 0xfd, 0xef, 0xf7, 0xbf,
    0xf7, 0xff, 0xff, 0xef, 0xeb, 0x3a, 0x5c, 0xd7, 0x17, 0x1d, 0xb8, 0xe8,
    0xee, 0x0e, 0x70, 0x77, 0xfc, 0x07, 0xe0, 0x3f, 0xf8, 0x03, 0xc0, 0x1f,
    0x00, 0x00, 0x00, 0x00, 0x00, 0x00, 0x00, 0x00, 0x00, 0x00, 0x00, 0x00,
    0x00, 0x00, 0x00, 0x00, 0x00, 0x00, 0x00, 0x00,
};
static const uint8_t icon_sega_genesis_frame3[] PROGMEM = {
    0x00, 0x00, 0x00, 0x00, 0x00, 0x00, 0x00, 0x00, 0x00, 0x00, 0x00, 0x00,
    0x00, 0x00, 0x00, 0x00, 0x00, 0x00, 0x00, 0x00, 0x00, 0x00, 0x00, 0x00,
    0x00, 0x00, 0x00, 0x00, 0x00, 0xfe, 0x7f, 0x00, 0xc0, 0xff, 0xff, 0x03,
    0xf8, 0xf9, 0x9f, 0x1f, 0x3c, 0x03, 0xc0, 0x3c, 0x6e, 0x00, 0x00, 0x76,
    0x17, 0x00, 0x00, 0xe8, 0x0f, 0x00, 0x00, 0xf0, 0x05, 0x00, 0x00, 0xa0,
    0x03, 0x00, 0x00, 0xc0, 0x1a, 0x00, 0x00, 0x40, 0x01, 0x00, 0x00, 0x80,
    0x09, 0x00, 0x00, 0x80, 0x09, 0x00, 0x00, 0x80, 0x09, 0x00, 0x00, 0x80,
    0x22, 0x00, 0x00, 0x40, 0x0a, 0x04, 0x80, 0x5f, 0xfb, 0x73, 0xce, 0xdf,
    0xfd, 0xef, 0xf7, 0xbf, 0xf7, 0xff, 0xff, 0xef, 0xeb, 0x3a, 0x5c, 0xd7,
    0x17, 0x1d, 0xb8, 0xe8, 0xee, 0x0e, 0x70, 0x77, 0xfc, 0x07, 0xe0, 0x3f,
    0xf8, 0x03, 0xc0, 0x1f, 0x00, 0x00, 0x00, 0x00,
};
static const uint8_t *const icon_sega_genesis_frames[] = {icon_sega_genesis_frame0, icon_sega_genesis_frame1, icon_sega_genesis_frame2, icon_sega_genesis_frame3};

static const uint8_t icon_megadrive_frame0[] PROGMEM = {
    0x00, 0x00, 0x00, 0x00, 0x00, 0x00, 0x00, 0x00, 0x00, 0x00, 0x00, 0x00,
    0x00, 0x00, 0x00, 0x00, 0x00, 0x00, 0x00, 0x00, 0xff, 0xff, 0xff, 0xff,
    0xff, 0xff, 0xff, 0xff, 0xff, 0xff, 0xff, 0xff, 0xfd, 0xff, 0xff, 0x7f,
    0xff, 0xff, 0xff, 0x7f, 0xff, 0xff, 0x03, 0x7e, 0xff, 0xfd, 0x02, 0x78,
    0xff, 0x7d, 0x02, 0x70, 0xff, 0x3c, 0x42, 0x70, 0x7f, 0x3c, 0xc2, 0x60,
    0x7f, 0x1c, 0xc2, 0x61, 0x3f, 0x0c, 0xc2, 0x60, 0x1f, 0x0c, 0x42, 0x60,
    0x1f, 0x04, 0x02, 0x70, 0x0f, 0x00, 0x02, 0x70, 0x07, 0x00, 0x02, 0x7c,
    0xff, 0xff, 0xff, 0x7f, 0xff, 0xfb, 0xfc, 0x7d, 0x3f, 0x00, 0x40, 0x70,
    0xff, 0x00, 0x00, 0x7e, 0xff, 0xff, 0xff, 0x7f, 0xfd, 0xff, 0xff, 0x7b,
    0x07, 0x80, 0x00, 0x04, 0x03, 0x80, 0x00, 0x04, 0x01, 0x00, 0x00, 0x00,
    0x19, 0x60, 0x29, 0x1b, 0xff, 0xff, 0xff, 0xff,
};
static const uint8_t icon_megadrive_frame1[] PROGMEM = {
    0x00, 0x00, 0x00, 0x00, 0xff, 0xff, 0xff, 0xff, 0xff, 0xff, 0xff, 0xff,
    0xff, 0xff, 0xff, 0xff, 0xfd, 0xff, 0xff, 0x7f, 0xff, 0xff, 0xff, 0x7f,
    0xff, 0xff, 0x03, 0x7e, 0xff, 0xfd, 0x02, 0x78, 0xff, 0x7d, 0x02, 0x70,
    0xff, 0x3c, 0x42, 0x70, 0x7f, 0x3c, 0xc2, 0x60, 0x7f, 0x1c, 0xc2, 0x61,
    0x3f, 0x0c, 0xc2, 0x60, 0x1f, 0x0c, 0x42, 0x60, 0x1f, 0x04, 0x02, 0x70,
    0x0f, 0x00, 0x02, 0x70, 0x07, 0x00, 0x02, 0x7c, 0xff, 0xff, 0xff, 0x7f,
    0xff, 0xfb, 0xfc, 0x7d, 0x3f, 0x00, 0x40, 0x70, 0xff, 0x00, 0x00, 0x7e,
    0xff, 0xff, 0xff, 0x7f, 0xfd, 0xff, 0xff, 0x7b, 0x07, 0x80, 0x00, 0x04,
    0x03, 0x80, 0x00, 0x04, 0x01, 0x00, 0x00, 0x00, 0x19, 0x60, 0x29, 0x1b,
    0xff, 0xff, 0xff, 0xff, 0xff, 0xff, 0xff, 0xff, 0x00, 0x00, 0x00, 0x00,
    0x00, 0x00, 0x00, 0x00, 0x00, 0x00, 0x00, 0x00,
};
static const uint8_t icon_megadrive_frame2[] PROGMEM = {
    0x00, 0x00, 0x00, 0x00, 0xff, 0xff, 0xff, 0xff, 0xff, 0xff, 0xff, 0xff,
    0xff, 0xff, 0xff, 0xff, 0xfd, 0xff, 0xff, 0x7f, 0xff, 0xff, 0xff, 0x7f,
    0xff, 0xff, 0x03, 0x7e, 0xff, 0xfd, 0x02, 0x78, 0xff, 0x7d, 0x02, 0x70,
    0xff, 0x3c, 0x42, 0x70, 0x7f, 0x3c, 0xc2, 0x60, 0x7f, 0x1c, 0xc2, 0x61,
    0x3f, 0x0c, 0xc2, 0x60, 0x1f, 0x0c, 0x42, 0x60, 0x1f, 0x04, 0x02, 0x70,
    0x0f, 0x00, 0x02, 0x70, 0x07, 0x00, 0x02, 0x7c, 0xff, 0xff, 0xff, 0x7f,
    0xff, 0xfb, 0xfc, 0x7d, 0x3f, 0x00, 0x40, 0x70, 0xff, 0x00, 0x00, 0x7e,
    0xff, 0xff, 0xff, 0x7f, 0xfd, 0xff, 0xff, 0x7b, 0x07, 0x80, 0x00, 0x04,
    0x03, 0x80, 0x00, 0x04, 0x01, 0x00, 0x00, 0x00, 0x19, 0x60, 0x29, 0x1b,
    0xff, 0xff, 0xff, 0xff, 0xff, 0xff, 0xff, 0xff, 0x00, 0x00, 0x00, 0x00,
    0x00, 0x00, 0x00, 0x00, 0x00, 0x00, 0x00, 0x00,
};
static const uint8_t icon_megadrive_frame3[] PROGMEM = {
    0x00, 0x00, 0x00, 0x00, 0x00, 0x00, 0x00, 0x00, 0x00, 0x00, 0x00, 0x00,
    0x00, 0x00, 0x00, 0x00, 0x00, 0x00, 0x00, 0x00, 0xff, 0xff, 0xff, 0xff,
    0xff, 0xff, 0xff, 0xff, 0xff, 0xff, 0xff, 0xff, 0xfd, 0xff, 0xff, 0x7f,
    0xff, 0xff, 0xff, 0x7f, 0xff, 0xff, 0x03, 0x7e, 0xff, 0xfd, 0x02, 0x78,
    0xff, 0x7d, 0x02, 0x70, 0xff, 0x3c, 0x42, 0x70, 0x7f, 0x3c, 0xc2, 0x60,
    0x7f, 0x1c, 0xc2, 0x61, 0x3f, 0x0c, 0xc2, 0x60, 0x1f, 0x0c, 0x42, 0x60,
    0x1f, 0x04, 0x02, 0x70, 0x0f, 0x00, 0x02, 0x70, 0x07, 0x00, 0x02, 0x7c,
    0xff, 0xff, 0xff, 0x7f, 0xff, 0xfb, 0xfc, 0x7d, 0x3f, 0x00, 0x40, 0x70,
    0xff, 0x00, 0x00, 0x7e, 0xff, 0xff, 0xff, 0x7f, 0xfd, 0xff, 0xff, 0x7b,
    0x07, 0x80, 0x00, 0x04, 0x03, 0x80, 0x00, 0x04, 0x01, 0x00, 0x00, 0x00,
    0x19, 0x60, 0x29, 0x1b, 0xff, 0xff, 0xff, 0xff,
};
static const uint8_t *const icon_megadrive_frames[] = {icon_megadrive_frame0, icon_megadrive_frame1, icon_megadrive_frame2, icon_megadrive_frame3};

static const uint8_t icon_sega_frame0[] PROGMEM = {
    0x00, 0x00, 0x00, 0x00, 0x00, 0x00, 0x00, 0x00, 0x00, 0x00, 0x00, 0x00,
    0xfc, 0xff, 0xff, 0x7f, 0x0e, 0x00, 0x00, 0x70, 0xc6, 0xaa, 0x55, 0x73,
    0x8e, 0xff, 0xff, 0x71, 0x0e, 0x00, 0x00, 0x60, 0x0e, 0xfc, 0x3f, 0x60,
    0x8e, 0x03, 0x80, 0x41, 0xce, 0x00, 0x00, 0x43, 0x26, 0xff, 0xff, 0x44,
    0x22, 0xff, 0xff, 0x44, 0x42, 0x00, 0x00, 0x42, 0x82, 0x01, 0x80, 0x41,
    0x02, 0x7e, 0x7e, 0x40, 0x02, 0x00, 0x00, 0xc0, 0x03, 0x00, 0x00, 0xe0,
    0x83, 0xfa, 0x5f, 0xe1, 0x47, 0x10, 0x08, 0xe2, 0x47, 0x10, 0x08, 0xe2,
    0x47, 0xf0, 0x0f, 0xe2, 0x47, 0x00, 0x00, 0xe2, 0x47, 0x00, 0x00, 0xe2,
    0x07, 0xf9, 0xff, 0xc0, 0x23, 0x11, 0x88, 0x84, 0x21, 0xfe, 0x7f, 0x84,
    0x25, 0x00, 0x00, 0xa4, 0x2d, 0x00, 0x00, 0xb4, 0x71, 0x00, 0x00, 0x8e,
    0xc7, 0xff, 0xff, 0xe3, 0x0f, 0x00, 0xce, 0xf0,
};
static const uint8_t icon_sega_frame1[] PROGMEM = {
    0x0e, 0x00, 0x00, 0x70, 0xc6, 0xaa, 0x55, 0x73, 0x8e, 0xff, 0xff, 0x71,
    0x0e, 0x00, 0x00, 0x60, 0x0e, 0xfc, 0x3f, 0x60, 0x8e, 0x03, 0x80, 0x41,
    0xce, 0x00, 0x00, 0x43, 0x26, 0xff, 0xff, 0x44, 0x22, 0xff, 0xff, 0x44,
    0x42, 0x00, 0x00, 0x42, 0x82, 0x01, 0x80, 0x41, 0x02, 0x7e, 0x7e, 0x40,
    0x02, 0x00, 0x00, 0xc0, 0x03, 0x00, 0x00, 0xe0, 0x83, 0xfa, 0x5f, 0xe1,
    0x47, 0x10, 0x08, 0xe2, 0x47, 0x10, 0x08, 0xe2, 0x47, 0xf0, 0x0f, 0xe2,
    0x47, 0x00, 0x00, 0xe2, 0x47, 0x00, 0x00, 0xe2, 0x07, 0xf9, 0xff, 0xc0,
    0x23, 0x11, 0x88, 0x84, 0x21, 0xfe, 0x7f, 0x84, 0x25, 0x00, 0x00, 0xa4,
    0x2d, 0x00, 0x00, 0xb4, 0x71, 0x00, 0x00, 0x8e, 0xc7, 0xff, 0xff, 0xe3,
    0x0f, 0x00, 0xce, 0xf0, 0x3f, 0x00, 0x00, 0xfc, 0x1e, 0x00, 0x00, 0x78,
    0xf8, 0xff, 0xff, 0x1f, 0x00, 0x00, 0x00, 0x00,
};
static const uint8_t icon_sega_frame2[] PROGMEM = {
    0x0e, 0x00, 0x00, 0x70, 0xc6, 0xaa, 0x55, 0x73, 0x8e, 0xff, 0xff, 0x71,
    0x0e, 0x00, 0x00, 0x60, 0x0e, 0xfc, 0x3f, 0x60, 0x8e, 0x03, 0x80, 0x41,
    0xce, 0x00, 0x00, 0x43, 0x26, 0xff, 0xff, 0x44, 0x22, 0xff, 0xff, 0x44,
    0x42, 0x00, 0x00, 0x42, 0x82, 0x01, 0x80, 0x41, 0x02, 0x7e, 0x7e, 0x40,
    0x02, 0x00, 0x00, 0xc0, 0x03, 0x00, 0x00, 0xe0, 0x83, 0xfa, 0x5f, 0xe1,
    0x47, 0x10, 0x08, 0xe2, 0x47, 0x10, 0x08, 0xe2, 0x47, 0xf0, 0x0f, 0xe2,
    0x47, 0x00, 0x00, 0xe2, 0x47, 0x00, 0x00, 0xe2, 0x07, 0xf9, 0xff, 0xc0,
    0x23, 0x11, 0x88, 0x84, 0x21, 0xfe, 0x7f, 0x84, 0x25, 0x00, 0x00, 0xa4,
    0x2d, 0x00, 0x00, 0xb4, 0x71, 0x00, 0x00, 0x8e, 0xc7, 0xff, 0xff, 0xe3,
    0x0f, 0x00, 0xce, 0xf0, 0x3f, 0x00, 0x00, 0xfc, 0x1e, 0x00, 0x00, 0x78,
    0xf8, 0xff, 0xff, 0x1f, 0x00, 0x00, 0x00, 0x00,
};
static const uint8_t icon_sega_frame3[] PROGMEM = {
    0x00, 0x00, 0x00, 0x00, 0x00, 0x00, 0x00, 0x00, 0x00, 0x00, 0x00, 0x00,
    0xfc, 0xff, 0xff, 0x7f, 0x0e, 0x00, 0x00, 0x70, 0xc6, 0xaa, 0x55, 0x73,
    0x8e, 0xff, 0xff, 0x71, 0x0e, 0x00, 0x00, 0x60, 0x0e, 0xfc, 0x3f, 0x60,
    0x8e, 0x03, 0x80, 0x41, 0xce, 0x00, 0x00, 0x43, 0x26, 0xff, 0xff, 0x44,
    0x22, 0xff, 0xff, 0x44, 0x42, 0x00, 0x00, 0x42, 0x82, 0x01, 0x80, 0x41,
    0x02, 0x7e, 0x7e, 0x40, 0x02, 0x00, 0x00, 0xc0, 0x03, 0x00, 0x00, 0xe0,
    0x83, 0xfa, 0x5f, 0xe1, 0x47, 0x10, 0x08, 0xe2, 0x47, 0x10, 0x08, 0xe2,
    0x47, 0xf0, 0x0f, 0xe2, 0x47, 0x00, 0x00, 0xe2, 0x47, 0x00, 0x00, 0xe2,
    0x07, 0xf9, 0xff, 0xc0, 0x23, 0x11, 0x88, 0x84, 0x21, 0xfe, 0x7f, 0x84,
    0x25, 0x00, 0x00, 0xa4, 0x2d, 0x00, 0x00, 0xb4, 0x71, 0x00, 0x00, 0x8e,
    0xc7, 0xff, 0xff, 0xe3, 0x0f, 0x00, 0xce, 0xf0,
};
static const uint8_t *const icon_sega_frames[] = {icon_sega_frame0, icon_sega_frame1, icon_sega_frame2, icon_sega_frame3};

static const uint8_t icon_sega_saturn_frame0[] PROGMEM = {
    0x00, 0x00, 0x00, 0x00, 0x00, 0x00, 0x00, 0x00, 0x00, 0x00, 0x00, 0x00,
    0x00, 0x00, 0x00, 0x00, 0x00, 0x00, 0x00, 0x00, 0x00, 0x00, 0x00, 0x00,
    0x00, 0x00, 0x00, 0x00, 0x00, 0x00, 0x00, 0x00, 0xe0, 0x7f, 0xfe, 0x07,
    0xf8, 0xff, 0xff, 0x1f, 0xfc, 0xff, 0xff, 0x3f, 0xfe, 0xff, 0xff, 0x7f,
    0xfe, 0xff, 0xff, 0x7f, 0xff, 0x07, 0xe0, 0xff, 0x3f, 0xfc, 0xff, 0xf7,
    0xdf, 0xff, 0x03, 0xf4, 0xef, 0xff, 0xa7, 0xe3, 0xf7, 0xff, 0xe7, 0xcc,
    0xf3, 0xdf, 0x9d, 0xdf, 0xf3, 0xcf, 0xf3, 0xdf, 0xe3, 0xcf, 0xfb, 0xcf,
    0xe3, 0x07, 0x78, 0xc1, 0xe3, 0x03, 0x30, 0xc0, 0x03, 0xf8, 0x0f, 0xc0,
    0x03, 0xfe, 0x7f, 0xc0, 0x87, 0xff, 0xff, 0xe1, 0xff, 0xff, 0xff, 0xff,
    0xff, 0x1f, 0xf8, 0xff, 0xff, 0x07, 0xe0, 0xff, 0xfe, 0x01, 0x80, 0x7f,
    0x00, 0x00, 0x00, 0x00, 0x00, 0x00, 0x00, 0x00,
};
static const uint8_t icon_sega_saturn_frame1[] PROGMEM = {
    0x00, 0x00, 0x00, 0x00, 0x00, 0x00, 0x00, 0x00, 0x00, 0x00, 0x00, 0x00,
    0x00, 0x00, 0x00, 0x00, 0xe0, 0x7f, 0xfe, 0x07, 0xf8, 0xff, 0xff, 0x1f,
    0xfc, 0xff, 0xff, 0x3f, 0xfe, 0xff, 0xff, 0x7f, 0xfe, 0xff, 0xff, 0x7f,
    0xff, 0x07, 0xe0, 0xff, 0x3f, 0xfc, 0xff, 0xf7, 0xdf, 0xff, 0x03, 0xf4,
    0xef, 0xff, 0xa7, 0xe3, 0xf7, 0xff, 0xe7, 0xcc, 0xf3, 0xdf, 0x9d, 0xdf,
    0xf3, 0xcf, 0xf3, 0xdf, 0xe3, 0xcf, 0xfb, 0xcf, 0xe3, 0x07, 0x78, 0xc1,
    0xe3, 0x03, 0x30, 0xc0, 0x03, 0xf8, 0x0f, 0xc0, 0x03, 0xfe, 0x7f, 0xc0,
    0x87, 0xff, 0xff, 0xe1, 0xff, 0xff, 0xff, 0xff, 0xff, 0x1f, 0xf8, 0xff,
    0xff, 0x07, 0xe0, 0xff, 0xfe, 0x01, 0x80, 0x7f, 0x00, 0x00, 0x00, 0x00,
    0x00, 0x00, 0x00, 0x00, 0x00, 0x00, 0x00, 0x00, 0x00, 0x00, 0x00, 0x00,
    0x00, 0x00, 0x00, 0x00, 0x00, 0x00, 0x00, 0x00,
};
static const uint8_t icon_sega_saturn_frame2[] PROGMEM = {
    0x00, 0x00, 0x00, 0x00, 0x00, 0x00, 0x00, 0x00, 0x00, 0x00, 0x00, 0x00,
    0x00, 0x00, 0x00, 0x00, 0xe0, 0x7f, 0xfe, 0x07, 0xf8, 0xff, 0xff, 0x1f,
    0xfc, 0xff, 0xff, 0x3f, 0xfe, 0xff, 0xff, 0x7f, 0xfe, 0xff, 0xff, 0x7f,
    0xff, 0x07, 0xe0, 0xff, 0x3f, 0xfc, 0xff, 0xf7, 0xdf, 0xff, 0x03, 0xf4,
    0xef, 0xff, 0xa7, 0xe3, 0xf7, 0xff, 0xe7, 0xcc, 0xf3, 0xdf, 0x9d, 0xdf,
    0xf3, 0xcf, 0xf3, 0xdf, 0xe3, 0xcf, 0xfb, 0xcf, 0xe3, 0x07, 0x78, 0xc1,
    0xe3, 0x03, 0x30, 0xc0, 0x03, 0xf8, 0x0f, 0xc0, 0x03, 0xfe, 0x7f, 0xc0,
    0x87, 0xff, 0xff, 0xe1, 0xff, 0xff, 0xff, 0xff, 0xff, 0x1f, 0xf8, 0xff,
    0xff, 0x07, 0xe0, 0xff, 0xfe, 0x01, 0x80, 0x7f, 0x00, 0x00, 0x00, 0x00,
    0x00, 0x00, 0x00, 0x00, 0x00, 0x00, 0x00, 0x00, 0x00, 0x00, 0x00, 0x00,
    0x00, 0x00, 0x00, 0x00, 0x00, 0x00, 0x00, 0x00,
};
static const uint8_t icon_sega_saturn_frame3[] PROGMEM = {
    0x00, 0x00, 0x00, 0x00, 0x00, 0x00, 0x00, 0x00, 0x00, 0x00, 0x00, 0x00,
    0x00, 0x00, 0x00, 0x00, 0x00, 0x00, 0x00, 0x00, 0x00, 0x00, 0x00, 0x00,
    0x00, 0x00, 0x00, 0x00, 0x00, 0x00, 0x00, 0x00, 0xe0, 0x7f, 0xfe, 0x07,
    0xf8, 0xff, 0xff, 0x1f, 0xfc, 0xff, 0xff, 0x3f, 0xfe, 0xff, 0xff, 0x7f,
    0xfe, 0xff, 0xff, 0x7f, 0xff, 0x07, 0xe0, 0xff, 0x3f, 0xfc, 0xff, 0xf7,
    0xdf, 0xff, 0x03, 0xf4, 0xef, 0xff, 0xa7, 0xe3, 0xf7, 0xff, 0xe7, 0xcc,
    0xf3, 0xdf, 0x9d, 0xdf, 0xf3, 0xcf, 0xf3, 0xdf, 0xe3, 0xcf, 0xfb, 0xcf,
    0xe3, 0x07, 0x78, 0xc1, 0xe3, 0x03, 0x30, 0xc0, 0x03, 0xf8, 0x0f, 0xc0,
    0x03, 0xfe, 0x7f, 0xc0, 0x87, 0xff, 0xff, 0xe1, 0xff, 0xff, 0xff, 0xff,
    0xff, 0x1f, 0xf8, 0xff, 0xff, 0x07, 0xe0, 0xff, 0xfe, 0x01, 0x80, 0x7f,
    0x00, 0x00, 0x00, 0x00, 0x00, 0x00, 0x00, 0x00,
};
static const uint8_t *const icon_sega_saturn_frames[] = {icon_sega_saturn_frame0, icon_sega_saturn_frame1, icon_sega_saturn_frame2, icon_sega_saturn_frame3};

static const uint8_t icon_sega_saturn_2_frame0[] PROGMEM = {
    0x00, 0x00, 0x00, 0x00, 0x00, 0x00, 0x00, 0x00, 0x00, 0x00, 0x00, 0x00,
    0xff, 0xff, 0xff, 0xff, 0xff, 0xff, 0xff, 0xff, 0x00, 0x00, 0x00, 0x00,
    0x00, 0x00, 0x00, 0x00, 0x00, 0x00, 0x00, 0x00, 0x00, 0x00, 0x00, 0x00,
    0x00, 0x00, 0x00, 0x00, 0x00, 0xf0, 0x0f, 0x00, 0x00, 0xfc, 0xff, 0x18,
    0x00, 0xfe, 0xff, 0x1f, 0x00, 0x7f, 0xf8, 0x00, 0x80, 0x7f, 0xf0, 0x00,
    0xc0, 0x7f, 0xf0, 0x01, 0xf0, 0x7f, 0x18, 0x7c, 0xf8, 0xff, 0xc3, 0xff,
    0xfc, 0x7f, 0xf8, 0xe3, 0xce, 0x1f, 0xfe, 0x73, 0xc5, 0xc3, 0xff, 0x7b,
    0x41, 0xf8, 0xff, 0x3f, 0x03, 0xff, 0xff, 0x0f, 0xfe, 0xff, 0xff, 0x07,
    0x80, 0xff, 0xff, 0x01, 0x00, 0xff, 0xff, 0x00, 0x80, 0xff, 0x7f, 0x00,
    0xf8, 0xff, 0x3f, 0x00, 0xf8, 0xff, 0x1f, 0x00, 0x00, 0xc0, 0x03, 0x00,
    0x00, 0x00, 0x00, 0x00, 0x00, 0x00, 0x00, 0x00,
};
static const uint8_t icon_sega_saturn_2_frame1[] PROGMEM = {
    0xff, 0xff, 0xff, 0xff, 0x00, 0x00, 0x00, 0x00, 0x00, 0x00, 0x00, 0x00,
    0x00, 0x00, 0x00, 0x00, 0x00, 0x00, 0x00, 0x00, 0x00, 0x00, 0x00, 0x00,
    0x00, 0xf0, 0x0f, 0x00, 0x00, 0xfc, 0xff, 0x18, 0x00, 0xfe, 0xff, 0x1f,
    0x00, 0x7f, 0xf8, 0x00, 0x80, 0x7f, 0xf0, 0x00, 0xc0, 0x7f, 0xf0, 0x01,
    0xf0, 0x7f, 0x18, 0x7c, 0xf8, 0xff, 0xc3, 0xff, 0xfc, 0x7f, 0xf8, 0xe3,
    0xce, 0x1f, 0xfe, 0x73, 0xc5, 0xc3, 0xff, 0x7b, 0x41, 0xf8, 0xff, 0x3f,
    0x03, 0xff, 0xff, 0x0f, 0xfe, 0xff, 0xff, 0x07, 0x80, 0xff, 0xff, 0x01,
    0x00, 0xff, 0xff, 0x00, 0x80, 0xff, 0x7f, 0x00, 0xf8, 0xff, 0x3f, 0x00,
    0xf8, 0xff, 0x1f, 0x00, 0x00, 0xc0, 0x03, 0x00, 0x00, 0x00, 0x00, 0x00,
    0x00, 0x00, 0x00, 0x00, 0x00, 0x00, 0x00, 0x00, 0xff, 0xff, 0xff, 0xff,
    0xff, 0xff, 0xff, 0xff, 0x00, 0x00, 0x00, 0x00,
};
static const uint8_t icon_sega_saturn_2_frame2[] PROGMEM = {
    0xff, 0xff, 0xff, 0xff, 0x00, 0x00, 0x00, 0x00, 0x00, 0x00, 0x00, 0x00,
    0x00, 0x00, 0x00, 0x00, 0x00, 0x00, 0x00, 0x00, 0x00, 0x00, 0x00, 0x00,
    0x00, 0xf0, 0x0f, 0x00, 0x00, 0xfc, 0xff, 0x18, 0x00, 0xfe, 0xff, 0x1f,
    0x00, 0x7f, 0xf8, 0x00, 0x80, 0x7f, 0xf0, 0x00, 0xc0, 0x7f, 0xf0, 0x01,
    0xf0, 0x7f, 0x18, 0x7c, 0xf8, 0xff, 0xc3, 0xff, 0xfc, 0x7f, 0xf8, 0xe3,
    0xce, 0x1f, 0xfe, 0x73, 0xc5, 0xc3, 0xff, 0x7b, 0x41, 0xf8, 0xff, 0x3f,
    0x03, 0xff, 0xff, 0x0f, 0xfe, 0xff, 0xff, 0x07, 0x80, 0xff, 0xff, 0x01,
    0x00, 0xff, 0xff, 0x00, 0x80, 0xff, 0x7f, 0x00, 0xf8, 0xff, 0x3f, 0x00,
    0xf8, 0xff, 0x1f, 0x00, 0x00, 0xc0, 0x03, 0x00, 0x00, 0x00, 0x00, 0x00,
    0x00, 0x00, 0x00, 0x00, 0x00, 0x00, 0x00, 0x00, 0xff, 0xff, 0xff, 0xff,
    0xff, 0xff, 0xff, 0xff, 0x00, 0x00, 0x00, 0x00,
};
static const uint8_t icon_sega_saturn_2_frame3[] PROGMEM = {
    0x00, 0x00, 0x00, 0x00, 0x00, 0x00, 0x00, 0x00, 0x00, 0x00, 0x00, 0x00,
    0xff, 0xff, 0xff, 0xff, 0xff, 0xff, 0xff, 0xff, 0x00, 0x00, 0x00, 0x00,
    0x00, 0x00, 0x00, 0x00, 0x00, 0x00, 0x00, 0x00, 0x00, 0x00, 0x00, 0x00,
    0x00, 0x00, 0x00, 0x00, 0x00, 0xf0, 0x0f, 0x00, 0x00, 0xfc, 0xff, 0x18,
    0x00, 0xfe, 0xff, 0x1f, 0x00, 0x7f, 0xf8, 0x00, 0x80, 0x7f, 0xf0, 0x00,
    0xc0, 0x7f, 0xf0, 0x01, 0xf0, 0x7f, 0x18, 0x7c, 0xf8, 0xff, 0xc3, 0xff,
    0xfc, 0x7f, 0xf8, 0xe3, 0xce, 0x1f, 0xfe, 0x73, 0xc5, 0xc3, 0xff, 0x7b,
    0x41, 0xf8, 0xff, 0x3f, 0x03, 0xff, 0xff, 0x0f, 0xfe, 0xff, 0xff, 0x07,
    0x80, 0xff, 0xff, 0x01, 0x00, 0xff, 0xff, 0x00, 0x80, 0xff, 0x7f, 0x00,
    0xf8, 0xff, 0x3f, 0x00, 0xf8, 0xff, 0x1f, 0x00, 0x00, 0xc0, 0x03, 0x00,
    0x00, 0x00, 0x00, 0x00, 0x00, 0x00, 0x00, 0x00,
};
static const uint8_t *const icon_sega_saturn_2_frames[] = {icon_sega_saturn_2_frame0, icon_sega_saturn_2_frame1, icon_sega_saturn_2_frame2, icon_sega_saturn_2_frame3};

static const uint8_t icon_game_9_frame0[] PROGMEM = {
    0x00, 0x00, 0x00, 0x00, 0x00, 0x00, 0x00, 0x00, 0x00, 0x00, 0x00, 0x00,
    0x7e, 0x00, 0x00, 0x7e, 0xff, 0x3f, 0xfc, 0xff, 0x1b, 0x02, 0x40, 0xd8,
    0x9f, 0x29, 0x94, 0xf9, 0x9f, 0x03, 0xc0, 0xf9, 0x9f, 0x03, 0xc0, 0xf9,
    0x9f, 0x01, 0x80, 0xf9, 0x9f, 0xfc, 0x3f, 0xf9, 0x9f, 0xfc, 0x3f, 0xf9,
    0x9f, 0xfc, 0x3f, 0xf9, 0x83, 0xe4, 0x27, 0xf9, 0x83, 0x04, 0x20, 0xf9,
    0x9f, 0xfc, 0x3f, 0xf9, 0x9f, 0xfc, 0xbf, 0xf9, 0x9f, 0xfd, 0xbf, 0xf9,
    0x9f, 0xf9, 0x9f, 0xf9, 0x9f, 0xf9, 0x9f, 0xf9, 0x5f, 0x02, 0x40, 0xfa,
    0x1f, 0x00, 0x00, 0xf9, 0x9f, 0x43, 0xc0, 0xf8, 0x9f, 0x32, 0x08, 0xf9,
    0x03, 0x00, 0x00, 0xc0, 0x03, 0x00, 0x00, 0xc0, 0xc3, 0xff, 0xff, 0xc3,
    0x43, 0xff, 0xff, 0xc2, 0x7f, 0xfe, 0x7f, 0xfe, 0xff, 0xbc, 0x3d, 0xff,
    0xfb, 0xfc, 0x3f, 0xdf, 0xff, 0xff, 0xff, 0xff,
};
static const uint8_t icon_game_9_frame1[] PROGMEM = {
    0xff, 0x3f, 0xfc, 0xff, 0x1b, 0x02, 0x40, 0xd8, 0x9f, 0x29, 0x94, 0xf9,
    0x9f, 0x03, 0xc0, 0xf9, 0x9f, 0x03, 0xc0, 0xf9, 0x9f, 0x01, 0x80, 0xf9,
    0x9f, 0xfc, 0x3f, 0xf9, 0x9f, 0xfc, 0x3f, 0xf9, 0x9f, 0xfc, 0x3f, 0xf9,
    0x83, 0xe4, 0x27, 0xf9, 0x83, 0x04, 0x20, 0xf9, 0x9f, 0xfc, 0x3f, 0xf9,
    0x9f, 0xfc, 0xbf, 0xf9, 0x9f, 0xfd, 0xbf, 0xf9, 0x9f, 0xf9, 0x9f, 0xf9,
    0x9f, 0xf9, 0x9f, 0xf9, 0x5f, 0x02, 0x40, 0xfa, 0x1f, 0x00, 0x00, 0xf9,
    0x9f, 0x43, 0xc0, 0xf8, 0x9f, 0x32, 0x08, 0xf9, 0x03, 0x00, 0x00, 0xc0,
    0x03, 0x00, 0x00, 0xc0, 0xc3, 0xff, 0xff, 0xc3, 0x43, 0xff, 0xff, 0xc2,
    0x7f, 0xfe, 0x7f, 0xfe, 0xff, 0xbc, 0x3d, 0xff, 0xfb, 0xfc, 0x3f, 0xdf,
    0xff, 0xff, 0xff, 0xff, 0xfe, 0xff, 0xff, 0x7f, 0x00, 0x00, 0x00, 0x00,
    0x00, 0x00, 0x00, 0x00, 0x00, 0x00, 0x00, 0x00,
};
static const uint8_t icon_game_9_frame2[] PROGMEM = {
    0xff, 0x3f, 0xfc, 0xff, 0x1b, 0x02, 0x40, 0xd8, 0x9f, 0x29, 0x94, 0xf9,
    0x9f, 0x03, 0xc0, 0xf9, 0x9f, 0x03, 0xc0, 0xf9, 0x9f, 0x01, 0x80, 0xf9,
    0x9f, 0xfc, 0x3f, 0xf9, 0x9f, 0xfc, 0x3f, 0xf9, 0x9f, 0xfc, 0x3f, 0xf9,
    0x83, 0xe4, 0x27, 0xf9, 0x83, 0x04, 0x20, 0xf9, 0x9f, 0xfc, 0x3f, 0xf9,
    0x9f, 0xfc, 0xbf, 0xf9, 0x9f, 0xfd, 0xbf, 0xf9, 0x9f, 0xf9, 0x9f, 0xf9,
    0x9f, 0xf9, 0x9f, 0xf9, 0x5f, 0x02, 0x40, 0xfa, 0x1f, 0x00, 0x00, 0xf9,
    0x9f, 0x43, 0xc0, 0xf8, 0x9f, 0x32, 0x08, 0xf9, 0x03, 0x00, 0x00, 0xc0,
    0x03, 0x00, 0x00, 0xc0, 0xc3, 0xff, 0xff, 0xc3, 0x43, 0xff, 0xff, 0xc2,
    0x7f, 0xfe, 0x7f, 0xfe, 0xff, 0xbc, 0x3d, 0xff, 0xfb, 0xfc, 0x3f, 0xdf,
    0xff, 0xff, 0xff, 0xff, 0xfe, 0xff, 0xff, 0x7f, 0x00, 0x00, 0x00, 0x00,
    0x00, 0x00, 0x00, 0x00, 0x00, 0x00, 0x00, 0x00,
};
static const uint8_t icon_game_9_frame3[] PROGMEM = {
    0x00, 0x00, 0x00, 0x00, 0x00, 0x00, 0x00, 0x00, 0x00, 0x00, 0x00, 0x00,
    0x7e, 0x00, 0x00, 0x7e, 0xff, 0x3f, 0xfc, 0xff, 0x1b, 0x02, 0x40, 0xd8,
    0x9f, 0x29, 0x94, 0xf9, 0x9f, 0x03, 0xc0, 0xf9, 0x9f, 0x03, 0xc0, 0xf9,
    0x9f, 0x01, 0x80, 0xf9, 0x9f, 0xfc, 0x3f, 0xf9, 0x9f, 0xfc, 0x3f, 0xf9,
    0x9f, 0xfc, 0x3f, 0xf9, 0x83, 0xe4, 0x27, 0xf9, 0x83, 0x04, 0x20, 0xf9,
    0x9f, 0xfc, 0x3f, 0xf9, 0x9f, 0xfc, 0xbf, 0xf9, 0x9f, 0xfd, 0xbf, 0xf9,
    0x9f, 0xf9, 0x9f, 0xf9, 0x9f, 0xf9, 0x9f, 0xf9, 0x5f, 0x02, 0x40, 0xfa,
    0x1f, 0x00, 0x00, 0xf9, 0x9f, 0x43, 0xc0, 0xf8, 0x9f, 0x32, 0x08, 0xf9,
    0x03, 0x00, 0x00, 0xc0, 0x03, 0x00, 0x00, 0xc0, 0xc3, 0xff, 0xff, 0xc3,
    0x43, 0xff, 0xff, 0xc2, 0x7f, 0xfe, 0x7f, 0xfe, 0xff, 0xbc, 0x3d, 0xff,
    0xfb, 0xfc, 0x3f, 0xdf, 0xff, 0xff, 0xff, 0xff,
};
static const uint8_t *const icon_game_9_frames[] = {icon_game_9_frame0, icon_game_9_frame1, icon_game_9_frame2, icon_game_9_frame3};

static const uint8_t icon_sega_dreamcast_frame0[] PROGMEM = {
    0x00, 0x00, 0x00, 0x00, 0x00, 0xf0, 0x0f, 0x00, 0x00, 0xfe, 0x7f, 0x00,
    0x80, 0xff, 0xff, 0x01, 0xc0, 0xff, 0xff, 0x03, 0xf8, 0xff, 0xff, 0x1f,
    0xfe, 0xf9, 0x9f, 0x7f, 0xff, 0xf8, 0x0f, 0xff, 0x0f, 0xe0, 0x07, 0xf0,
    0x07, 0x00, 0x00, 0xe0, 0x07, 0xe0, 0x07, 0xe0, 0x83, 0xe0, 0x07, 0xc0,
    0x93, 0xe0, 0x07, 0xc0, 0xe3, 0xe0, 0x07, 0xc0, 0x03, 0xe0, 0x07, 0xc0,
    0x03, 0xe0, 0x07, 0xc0, 0x03, 0x00, 0x00, 0xc0, 0x03, 0x00, 0x00, 0xd0,
    0x03, 0x00, 0x00, 0xc0, 0x03, 0x00, 0x00, 0xc6, 0x03, 0x00, 0x00, 0xc0,
    0x23, 0x00, 0x00, 0xc0, 0x03, 0x00, 0x00, 0xc0, 0x03, 0x00, 0x00, 0xc0,
    0x03, 0x00, 0x00, 0xc0, 0x03, 0x00, 0x00, 0xc0, 0x03, 0x80, 0x01, 0xc0,
    0x07, 0x00, 0x00, 0xe0, 0x07, 0x00, 0x00, 0xe0, 0x87, 0xff, 0xff, 0xe1,
    0xcf, 0xff, 0xff, 0xf3, 0xcf, 0xff, 0xff, 0xf3,
};
static const uint8_t icon_sega_dreamcast_frame1[] PROGMEM = {
    0xc0, 0xff, 0xff, 0x03, 0xf8, 0xff, 0xff, 0x1f, 0xfe, 0xf9, 0x9f, 0x7f,
    0xff, 0xf8, 0x0f, 0xff, 0x0f, 0xe0, 0x07, 0xf0, 0x07, 0x00, 0x00, 0xe0,
    0x07, 0xe0, 0x07, 0xe0, 0x83, 0xe0, 0x07, 0xc0, 0x93, 0xe0, 0x07, 0xc0,
    0xe3, 0xe0, 0x07, 0xc0, 0x03, 0xe0, 0x07, 0xc0, 0x03, 0xe0, 0x07, 0xc0,
    0x03, 0x00, 0x00, 0xc0, 0x03, 0x00, 0x00, 0xd0, 0x03, 0x00, 0x00, 0xc0,
    0x03, 0x00, 0x00, 0xc6, 0x03, 0x00, 0x00, 0xc0, 0x23, 0x00, 0x00, 0xc0,
    0x03, 0x00, 0x00, 0xc0, 0x03, 0x00, 0x00, 0xc0, 0x03, 0x00, 0x00, 0xc0,
    0x03, 0x00, 0x00, 0xc0, 0x03, 0x80, 0x01, 0xc0, 0x07, 0x00, 0x00, 0xe0,
    0x07, 0x00, 0x00, 0xe0, 0x87, 0xff, 0xff, 0xe1, 0xcf, 0xff, 0xff, 0xf3,
    0xcf, 0xff, 0xff, 0xf3, 0xcf, 0x03, 0xc0, 0xfb, 0xfe, 0x03, 0xc0, 0x7f,
    0xfe, 0x01, 0x80, 0x7f, 0xfc, 0x01, 0x80, 0x3f,
};
static const uint8_t icon_sega_dreamcast_frame2[] PROGMEM = {
    0xc0, 0xff, 0xff, 0x03, 0xf8, 0xff, 0xff, 0x1f, 0xfe, 0xf9, 0x9f, 0x7f,
    0xff, 0xf8, 0x0f, 0xff, 0x0f, 0xe0, 0x07, 0xf0, 0x07, 0x00, 0x00, 0xe0,
    0x07, 0xe0, 0x07, 0xe0, 0x83, 0xe0, 0x07, 0xc0, 0x93, 0xe0, 0x07, 0xc0,
    0xe3, 0xe0, 0x07, 0xc0, 0x03, 0xe0, 0x07, 0xc0, 0x03, 0xe0, 0x07, 0xc0,
    0x03, 0x00, 0x00, 0xc0, 0x03, 0x00, 0x00, 0xd0, 0x03, 0x00, 0x00, 0xc0,
    0x03, 0x00, 0x00, 0xc6, 0x03, 0x00, 0x00, 0xc0, 0x23, 0x00, 0x00, 0xc0,
    0x03, 0x00, 0x00, 0xc0, 0x03, 0x00, 0x00, 0xc0, 0x03, 0x00, 0x00, 0xc0,
    0x03, 0x00, 0x00, 0xc0, 0x03, 0x80, 0x01, 0xc0, 0x07, 0x00, 0x00, 0xe0,
    0x07, 0x00, 0x00, 0xe0, 0x87, 0xff, 0xff, 0xe1, 0xcf, 0xff, 0xff, 0xf3,
    0xcf, 0xff, 0xff, 0xf3, 0xcf, 0x03, 0xc0, 0xfb, 0xfe, 0x03, 0xc0, 0x7f,
    0xfe, 0x01, 0x80, 0x7f, 0xfc, 0x01, 0x80, 0x3f,
};
static const uint8_t icon_sega_dreamcast_frame3[] PROGMEM = {
    0x00, 0x00, 0x00, 0x00, 0x00, 0xf0, 0x0f, 0x00, 0x00, 0xfe, 0x7f, 0x00,
    0x80, 0xff, 0xff, 0x01, 0xc0, 0xff, 0xff, 0x03, 0xf8, 0xff, 0xff, 0x1f,
    0xfe, 0xf9, 0x9f, 0x7f, 0xff, 0xf8, 0x0f, 0xff, 0x0f, 0xe0, 0x07, 0xf0,
    0x07, 0x00, 0x00, 0xe0, 0x07, 0xe0, 0x07, 0xe0, 0x83, 0xe0, 0x07, 0xc0,
    0x93, 0xe0, 0x07, 0xc0, 0xe3, 0xe0, 0x07, 0xc0, 0x03, 0xe0, 0x07, 0xc0,
    0x03, 0xe0, 0x07, 0xc0, 0x03, 0x00, 0x00, 0xc0, 0x03, 0x00, 0x00, 0xd0,
    0x03, 0x00, 0x00, 0xc0, 0x03, 0x00, 0x00, 0xc6, 0x03, 0x00, 0x00, 0xc0,
    0x23, 0x00, 0x00, 0xc0, 0x03, 0x00, 0x00, 0xc0, 0x03, 0x00, 0x00, 0xc0,
    0x03, 0x00, 0x00, 0xc0, 0x03, 0x00, 0x00, 0xc0, 0x03, 0x80, 0x01, 0xc0,
    0x07, 0x00, 0x00, 0xe0, 0x07, 0x00, 0x00, 0xe0, 0x87, 0xff, 0xff, 0xe1,
    0xcf, 0xff, 0xff, 0xf3, 0xcf, 0xff, 0xff, 0xf3,
};
static const uint8_t *const icon_sega_dreamcast_frames[] = {icon_sega_dreamcast_frame0, icon_sega_dreamcast_frame1, icon_sega_dreamcast_frame2, icon_sega_dreamcast_frame3};

static const uint8_t icon_dreamcast_frame0[] PROGMEM = {
    0x00, 0x00, 0x00, 0x00, 0xff, 0xff, 0xff, 0xff, 0xff, 0xff, 0xff, 0xff,
    0x00, 0x00, 0x00, 0x00, 0x00, 0x00, 0x00, 0x00, 0x00, 0xc0, 0x01, 0x00,
    0x00, 0xf8, 0x1f, 0x00, 0x00, 0x1e, 0x7c, 0x00, 0x80, 0x07, 0xe0, 0x01,
    0xc0, 0x01, 0x80, 0x03, 0xe0, 0xe0, 0x01, 0x07, 0x70, 0xf8, 0x0f, 0x06,
    0x30, 0x1c, 0x3e, 0x0c, 0x38, 0x0e, 0x78, 0x1c, 0x18, 0x07, 0x60, 0x18,
    0x18, 0xe3, 0xe3, 0x18, 0x8c, 0xf1, 0xc7, 0x18, 0x8c, 0x19, 0xce, 0x30,
    0x8c, 0x19, 0x8c, 0x31, 0x8c, 0x39, 0x8c, 0x01, 0x9c, 0xf1, 0x8c, 0x01,
    0x18, 0xe3, 0x8c, 0x01, 0x18, 0x03, 0x8c, 0x01, 0x38, 0x0e, 0x8e, 0x01,
    0x30, 0xfc, 0xc7, 0x01, 0x70, 0xf8, 0xc1, 0x00, 0xe0, 0x00, 0x60, 0x00,
    0xc0, 0x01, 0x78, 0x00, 0x80, 0x1f, 0x1f, 0x00, 0x00, 0xfe, 0x0f, 0x00,
    0x00, 0xf0, 0x01, 0x00, 0x00, 0x00, 0x00, 0x00,
};
static const uint8_t icon_dreamcast_frame1[] PROGMEM = {
    0x00, 0x00, 0x00, 0x00, 0x00, 0xc0, 0x01, 0x00, 0x00, 0xf8, 0x1f, 0x00,
    0x00, 0x1e, 0x7c, 0x00, 0x80, 0x07, 0xe0, 0x01, 0xc0, 0x01, 0x80, 0x03,
    0xe0, 0xe0, 0x01, 0x07, 0x70, 0xf8, 0x0f, 0x06, 0x30, 0x1c, 0x3e, 0x0c,
    0x38, 0x0e, 0x78, 0x1c, 0x18, 0x07, 0x60, 0x18, 0x18, 0xe3, 0xe3, 0x18,
    0x8c, 0xf1, 0xc7, 0x18, 0x8c, 0x19, 0xce, 0x30, 0x8c, 0x19, 0x8c, 0x31,
    0x8c, 0x39, 0x8c, 0x01, 0x9c, 0xf1, 0x8c, 0x01, 0x18, 0xe3, 0x8c, 0x01,
    0x18, 0x03, 0x8c, 0x01, 0x38, 0x0e, 0x8e, 0x01, 0x30, 0xfc, 0xc7, 0x01,
    0x70, 0xf8, 0xc1, 0x00, 0xe0, 0x00, 0x60, 0x00, 0xc0, 0x01, 0x78, 0x00,
    0x80, 0x1f, 0x1f, 0x00, 0x00, 0xfe, 0x0f, 0x00, 0x00, 0xf0, 0x01, 0x00,
    0x00, 0x00, 0x00, 0x00, 0x00, 0x00, 0x00, 0x00, 0x00, 0x00, 0x00, 0x00,
    0xff, 0xff, 0xff, 0xff, 0xff, 0xff, 0xff, 0xff,
};
static const uint8_t icon_dreamcast_frame2[] PROGMEM = {
    0x00, 0x00, 0x00, 0x00, 0x00, 0xc0, 0x01, 0x00, 0x00, 0xf8, 0x1f, 0x00,
    0x00, 0x1e, 0x7c, 0x00, 0x80, 0x07, 0xe0, 0x01, 0xc0, 0x01, 0x80, 0x03,
    0xe0, 0xe0, 0x01, 0x07, 0x70, 0xf8, 0x0f, 0x06, 0x30, 0x1c, 0x3e, 0x0c,
    0x38, 0x0e, 0x78, 0x1c, 0x18, 0x07, 0x60, 0x18, 0x18, 0xe3, 0xe3, 0x18,
    0x8c, 0xf1, 0xc7, 0x18, 0x8c, 0x19, 0xce, 0x30, 0x8c, 0x19, 0x8c, 0x31,
    0x8c, 0x39, 0x8c, 0x01, 0x9c, 0xf1, 0x8c, 0x01, 0x18, 0xe3, 0x8c, 0x01,
    0x18, 0x03, 0x8c, 0x01, 0x38, 0x0e, 0x8e, 0x01, 0x30, 0xfc, 0xc7, 0x01,
    0x70, 0xf8, 0xc1, 0x00, 0xe0, 0x00, 0x60, 0x00, 0xc0, 0x01, 0x78, 0x00,
    0x80, 0x1f, 0x1f, 0x00, 0x00, 0xfe, 0x0f, 0x00, 0x00, 0xf0, 0x01, 0x00,
    0x00, 0x00, 0x00, 0x00, 0x00, 0x00, 0x00, 0x00, 0x00, 0x00, 0x00, 0x00,
    0xff, 0xff, 0xff, 0xff, 0xff, 0xff, 0xff, 0xff,
};
static const uint8_t icon_dreamcast_frame3[] PROGMEM = {
    0x00, 0x00, 0x00, 0x00, 0xff, 0xff, 0xff, 0xff, 0xff, 0xff, 0xff, 0xff,
    0x00, 0x00, 0x00, 0x00, 0x00, 0x00, 0x00, 0x00, 0x00, 0xc0, 0x01, 0x00,
    0x00, 0xf8, 0x1f, 0x00, 0x00, 0x1e, 0x7c, 0x00, 0x80, 0x07, 0xe0, 0x01,
    0xc0, 0x01, 0x80, 0x03, 0xe0, 0xe0, 0x01, 0x07, 0x70, 0xf8, 0x0f, 0x06,
    0x30, 0x1c, 0x3e, 0x0c, 0x38, 0x0e, 0x78, 0x1c, 0x18, 0x07, 0x60, 0x18,
    0x18, 0xe3, 0xe3, 0x18, 0x8c, 0xf1, 0xc7, 0x18, 0x8c, 0x19, 0xce, 0x30,
    0x8c, 0x19, 0x8c, 0x31, 0x8c, 0x39, 0x8c, 0x01, 0x9c, 0xf1, 0x8c, 0x01,
    0x18, 0xe3, 0x8c, 0x01, 0x18, 0x03, 0x8c, 0x01, 0x38, 0x0e, 0x8e, 0x01,
    0x30, 0xfc, 0xc7, 0x01, 0x70, 0xf8, 0xc1, 0x00, 0xe0, 0x00, 0x60, 0x00,
    0xc0, 0x01, 0x78, 0x00, 0x80, 0x1f, 0x1f, 0x00, 0x00, 0xfe, 0x0f, 0x00,
    0x00, 0xf0, 0x01, 0x00, 0x00, 0x00, 0x00, 0x00,
};
static const uint8_t *const icon_dreamcast_frames[] = {icon_dreamcast_frame0, icon_dreamcast_frame1, icon_dreamcast_frame2, icon_dreamcast_frame3};

static const uint8_t icon_game_8_frame0[] PROGMEM = {
    0x00, 0x00, 0x00, 0x00, 0x00, 0x00, 0x00, 0x00, 0x00, 0x00, 0x00, 0x00,
    0x00, 0x00, 0x00, 0x00, 0xff, 0xff, 0xff, 0xff, 0xff, 0xff, 0xff, 0xff,
    0x03, 0x00, 0x00, 0xc0, 0x03, 0x00, 0x00, 0xc0, 0x03, 0x00, 0x00, 0xc0,
    0x03, 0x00, 0x00, 0xc0, 0x03, 0x80, 0x01, 0xc0, 0x03, 0x80, 0x01, 0xc0,
    0x03, 0x00, 0x00, 0xc0, 0x03, 0x00, 0x00, 0xc0, 0x03, 0x00, 0x00, 0xc0,
    0x03, 0x00, 0x00, 0xc0, 0x03, 0x00, 0x00, 0xc0, 0x03, 0x00, 0x00, 0xc0,
    0x03, 0x00, 0x00, 0xc0, 0x03, 0x00, 0x00, 0xc0, 0x03, 0x00, 0x00, 0xc0,
    0x03, 0x40, 0x00, 0xc0, 0x03, 0x80, 0x01, 0xc0, 0x03, 0x00, 0x00, 0xc0,
    0x03, 0x00, 0x00, 0xc0, 0x03, 0x80, 0x01, 0xc0, 0x03, 0x80, 0x01, 0xc0,
    0x03, 0x00, 0x00, 0xc0, 0xc3, 0xff, 0xff, 0xc3, 0x43, 0xff, 0xff, 0xc2,
    0x43, 0xff, 0xff, 0xc2, 0xff, 0xff, 0xff, 0xff,
};
static const uint8_t icon_game_8_frame1[] PROGMEM = {
    0xff, 0xff, 0xff, 0xff, 0xff, 0xff, 0xff, 0xff, 0x03, 0x00, 0x00, 0xc0,
    0x03, 0x00, 0x00, 0xc0, 0x03, 0x00, 0x00, 0xc0, 0x03, 0x00, 0x00, 0xc0,
    0x03, 0x80, 0x01, 0xc0, 0x03, 0x80, 0x01, 0xc0, 0x03, 0x00, 0x00, 0xc0,
    0x03, 0x00, 0x00, 0xc0, 0x03, 0x00, 0x00, 0xc0, 0x03, 0x00, 0x00, 0xc0,
    0x03, 0x00, 0x00, 0xc0, 0x03, 0x00, 0x00, 0xc0, 0x03, 0x00, 0x00, 0xc0,
    0x03, 0x00, 0x00, 0xc0, 0x03, 0x00, 0x00, 0xc0, 0x03, 0x40, 0x00, 0xc0,
    0x03, 0x80, 0x01, 0xc0, 0x03, 0x00, 0x00, 0xc0, 0x03, 0x00, 0x00, 0xc0,
    0x03, 0x80, 0x01, 0xc0, 0x03, 0x80, 0x01, 0xc0, 0x03, 0x00, 0x00, 0xc0,
    0xc3, 0xff, 0xff, 0xc3, 0x43, 0xff, 0xff, 0xc2, 0x43, 0xff, 0xff, 0xc2,
    0xff, 0xff, 0xff, 0xff, 0xff, 0xff, 0xff, 0xff, 0xf0, 0xff, 0xff, 0x0f,
    0x00, 0x00, 0x00, 0x00, 0x00, 0x00, 0x00, 0x00,
};
static const uint8_t icon_game_8_frame2[] PROGMEM = {
    0xff, 0xff, 0xff, 0xff, 0xff, 0xff, 0xff, 0xff, 0x03, 0x00, 0x00, 0xc0,
    0x03, 0x00, 0x00, 0xc0, 0x03, 0x00, 0x00, 0xc0, 0x03, 0x00, 0x00, 0xc0,
    0x03, 0x80, 0x01, 0xc0, 0x03, 0x80, 0x01, 0xc0, 0x03, 0x00, 0x00, 0xc0,
    0x03, 0x00, 0x00, 0xc0, 0x03, 0x00, 0x00, 0xc0, 0x03, 0x00, 0x00, 0xc0,
    0x03, 0x00, 0x00, 0xc0, 0x03, 0x00, 0x00, 0xc0, 0x03, 0x00, 0x00, 0xc0,
    0x03, 0x00, 0x00, 0xc0, 0x03, 0x00, 0x00, 0xc0, 0x03, 0x40, 0x00, 0xc0,
    0x03, 0x80, 0x01, 0xc0, 0x03, 0x00, 0x00, 0xc0, 0x03, 0x00, 0x00, 0xc0,
    0x03, 0x80, 0x01, 0xc0, 0x03, 0x80, 0x01, 0xc0, 0x03, 0x00, 0x00, 0xc0,
    0xc3, 0xff, 0xff, 0xc3, 0x43, 0xff, 0xff, 0xc2, 0x43, 0xff, 0xff, 0xc2,
    0xff, 0xff, 0xff, 0xff, 0xff, 0xff, 0xff, 0xff, 0xf0, 0xff, 0xff, 0x0f,
    0x00, 0x00, 0x00, 0x00, 0x00, 0x00, 0x00, 0x00,
};
static const uint8_t icon_game_8_frame3[] PROGMEM = {
    0x00, 0x00, 0x00, 0x00, 0x00, 0x00, 0x00, 0x00, 0x00, 0x00, 0x00, 0x00,
    0x00, 0x00, 0x00, 0x00, 0xff, 0xff, 0xff, 0xff, 0xff, 0xff, 0xff, 0xff,
    0x03, 0x00, 0x00, 0xc0, 0x03, 0x00, 0x00, 0xc0, 0x03, 0x00, 0x00, 0xc0,
    0x03, 0x00, 0x00, 0xc0, 0x03, 0x80, 0x01, 0xc0, 0x03, 0x80, 0x01, 0xc0,
    0x03, 0x00, 0x00, 0xc0, 0x03, 0x00, 0x00, 0xc0, 0x03, 0x00, 0x00, 0xc0,
    0x03, 0x00, 0x00, 0xc0, 0x03, 0x00, 0x00, 0xc0, 0x03, 0x00, 0x00, 0xc0,
    0x03, 0x00, 0x00, 0xc0, 0x03, 0x00, 0x00, 0xc0, 0x03, 0x00, 0x00, 0xc0,
    0x03, 0x40, 0x00, 0xc0, 0x03, 0x80, 0x01, 0xc0, 0x03, 0x00, 0x00, 0xc0,
    0x03, 0x00, 0x00, 0xc0, 0x03, 0x80, 0x01, 0xc0, 0x03, 0x80, 0x01, 0xc0,
    0x03, 0x00, 0x00, 0xc0, 0xc3, 0xff, 0xff, 0xc3, 0x43, 0xff, 0xff, 0xc2,
    0x43, 0xff, 0xff, 0xc2, 0xff, 0xff, 0xff, 0xff,
};
static const uint8_t *const icon_game_8_frames[] = {icon_game_8_frame0, icon_game_8_frame1, icon_game_8_frame2, icon_game_8_frame3};

static const uint8_t icon_game_5_frame0[] PROGMEM = {
    0x00, 0x00, 0x00, 0x00, 0x00, 0x00, 0x00, 0x00, 0x00, 0x00, 0x00, 0x00,
    0x00, 0x00, 0x00, 0x00, 0x00, 0x00, 0x00, 0x00, 0x00, 0x00, 0x00, 0x00,
    0x00, 0x00, 0x00, 0x00, 0x00, 0x00, 0x00, 0x00, 0x07, 0xfc, 0xff, 0xff,
    0x07, 0xfe, 0xff, 0xff, 0x87, 0xff, 0xff, 0xff, 0x87, 0xff, 0xff, 0xff,
    0x87, 0xff, 0xff, 0xff, 0xc7, 0xff, 0xff, 0xe1, 0xc7, 0xff, 0xff, 0xe1,
    0xc7, 0xff, 0xff, 0xe1, 0xff, 0xff, 0xff, 0xff, 0xff, 0xff, 0xff, 0xff,
    0xff, 0xff, 0xff, 0xff, 0xff, 0xff, 0xff, 0xff, 0xff, 0xff, 0xff, 0xff,
    0xff, 0xff, 0xff, 0xff, 0xff, 0xff, 0xff, 0xff, 0xff, 0x01, 0xfe, 0xff,
    0xff, 0x01, 0xfe, 0xff, 0xff, 0x01, 0xfe, 0xff, 0x07, 0x00, 0x00, 0x7f,
    0x07, 0x00, 0x00, 0x1f, 0x00, 0x00, 0x00, 0x00, 0x00, 0x00, 0x00, 0x00,
    0x00, 0x00, 0x00, 0x00, 0x00, 0x00, 0x00, 0x00,
};
static const uint8_t icon_game_5_frame1[] PROGMEM = {
    0x00, 0x00, 0x00, 0x00, 0x00, 0x00, 0x00, 0x00, 0x00, 0x00, 0x00, 0x00,
    0x00, 0x00, 0x00, 0x00, 0x07, 0xfc, 0xff, 0xff, 0x07, 0xfe, 0xff, 0xff,
    0x87, 0xff, 0xff, 0xff, 0x87, 0xff, 0xff, 0xff, 0x87, 0xff, 0xff, 0xff,
    0xc7, 0xff, 0xff, 0xe1, 0xc7, 0xff, 0xff, 0xe1, 0xc7, 0xff, 0xff, 0xe1,
    0xff, 0xff, 0xff, 0xff, 0xff, 0xff, 0xff, 0xff, 0xff, 0xff, 0xff, 0xff,
    0xff, 0xff, 0xff, 0xff, 0xff, 0xff, 0xff, 0xff, 0xff, 0xff, 0xff, 0xff,
    0xff, 0xff, 0xff, 0xff, 0xff, 0x01, 0xfe, 0xff, 0xff, 0x01, 0xfe, 0xff,
    0xff, 0x01, 0xfe, 0xff, 0x07, 0x00, 0x00, 0x7f, 0x07, 0x00, 0x00, 0x1f,
    0x00, 0x00, 0x00, 0x00, 0x00, 0x00, 0x00, 0x00, 0x00, 0x00, 0x00, 0x00,
    0x00, 0x00, 0x00, 0x00, 0x00, 0x00, 0x00, 0x00, 0x00, 0x00, 0x00, 0x00,
    0x00, 0x00, 0x00, 0x00, 0x00, 0x00, 0x00, 0x00,
};
static const uint8_t icon_game_5_frame2[] PROGMEM = {
    0x00, 0x00, 0x00, 0x00, 0x00, 0x00, 0x00, 0x00, 0x00, 0x00, 0x00, 0x00,
    0x00, 0x00, 0x00, 0x00, 0x07, 0xfc, 0xff, 0xff, 0x07, 0xfe, 0xff, 0xff,
    0x87, 0xff, 0xff, 0xff, 0x87, 0xff, 0xff, 0xff, 0x87, 0xff, 0xff, 0xff,
    0xc7, 0xff, 0xff, 0xe1, 0xc7, 0xff, 0xff, 0xe1, 0xc7, 0xff, 0xff, 0xe1,
    0xff, 0xff, 0xff, 0xff, 0xff, 0xff, 0xff, 0xff, 0xff, 0xff, 0xff, 0xff,
    0xff, 0xff, 0xff, 0xff, 0xff, 0xff, 0xff, 0xff, 0xff, 0xff, 0xff, 0xff,
    0xff, 0xff, 0xff, 0xff, 0xff, 0x01, 0xfe, 0xff, 0xff, 0x01, 0xfe, 0xff,
    0xff, 0x01, 0xfe, 0xff, 0x07, 0x00, 0x00, 0x7f, 0x07, 0x00, 0x00, 0x1f,
    0x00, 0x00, 0x00, 0x00, 0x00, 0x00, 0x00, 0x00, 0x00, 0x00, 0x00, 0x00,
    0x00, 0x00, 0x00, 0x00, 0x00, 0x00, 0x00, 0x00, 0x00, 0x00, 0x00, 0x00,
    0x00, 0x00, 0x00, 0x00, 0x00, 0x00, 0x00, 0x00,
};
static const uint8_t icon_game_5_frame3[] PROGMEM = {
    0x00, 0x00, 0x00, 0x00, 0x00, 0x00, 0x00, 0x00, 0x00, 0x00, 0x00, 0x00,
    0x00, 0x00, 0x00, 0x00, 0x00, 0x00, 0x00, 0x00, 0x00, 0x00, 0x00, 0x00,
    0x00, 0x00, 0x00, 0x00, 0x00, 0x00, 0x00, 0x00, 0x07, 0xfc, 0xff, 0xff,
    0x07, 0xfe, 0xff, 0xff, 0x87, 0xff, 0xff, 0xff, 0x87, 0xff, 0xff, 0xff,
    0x87, 0xff, 0xff, 0xff, 0xc7, 0xff, 0xff, 0xe1, 0xc7, 0xff, 0xff, 0xe1,
    0xc7, 0xff, 0xff, 0xe1, 0xff, 0xff, 0xff, 0xff, 0xff, 0xff, 0xff, 0xff,
    0xff, 0xff, 0xff, 0xff, 0xff, 0xff, 0xff, 0xff, 0xff, 0xff, 0xff, 0xff,
    0xff, 0xff, 0xff, 0xff, 0xff, 0xff, 0xff, 0xff, 0xff, 0x01, 0xfe, 0xff,
    0xff, 0x01, 0xfe, 0xff, 0xff, 0x01, 0xfe, 0xff, 0x07, 0x00, 0x00, 0x7f,
    0x07, 0x00, 0x00, 0x1f, 0x00, 0x00, 0x00, 0x00, 0x00, 0x00, 0x00, 0x00,
    0x00, 0x00, 0x00, 0x00, 0x00, 0x00, 0x00, 0x00,
};
static const uint8_t *const icon_game_5_frames[] = {icon_game_5_frame0, icon_game_5_frame1, icon_game_5_frame2, icon_game_5_frame3};

static const uint8_t icon_mastersystem_frame0[] PROGMEM = {
    0x00, 0x00, 0x00, 0x00, 0x00, 0x00, 0x00, 0x00, 0x00, 0x00, 0x00, 0x00,
    0x00, 0x00, 0x00, 0x00, 0x00, 0x00, 0x00, 0x00, 0x00, 0x00, 0x00, 0x00,
    0x00, 0x00, 0x00, 0x00, 0x00, 0x00, 0x00, 0x00, 0x00, 0x00, 0x00, 0x00,
    0x7e, 0xe0, 0xff, 0x7f, 0xfe, 0xff, 0xff, 0x7f, 0x86, 0x20, 0xfe, 0x67,
    0xea, 0xff, 0x00, 0x50, 0x0e, 0x00, 0x00, 0x70, 0xca, 0x20, 0x00, 0x50,
    0x4a, 0x00, 0x00, 0x50, 0x0a, 0x40, 0x00, 0x70, 0x0a, 0xc0, 0x0f, 0x78,
    0x0a, 0x40, 0x07, 0x70, 0x0a, 0x40, 0x07, 0x78, 0x0a, 0x40, 0x07, 0x78,
    0x4a, 0xc0, 0x0f, 0x70, 0xca, 0x20, 0x00, 0x50, 0x0a, 0x00, 0x00, 0x50,
    0x0e, 0x00, 0x00, 0x70, 0xfa, 0xff, 0xff, 0x5f, 0x06, 0x00, 0x00, 0x60,
    0xfe, 0xff, 0xff, 0x7f, 0xfe, 0xff, 0xff, 0x7f, 0x00, 0x00, 0x00, 0x00,
    0x00, 0x00, 0x00, 0x00, 0x00, 0x00, 0x00, 0x00,
};
static const uint8_t icon_mastersystem_frame1[] PROGMEM = {
    0x00, 0x00, 0x00, 0x00, 0x00, 0x00, 0x00, 0x00, 0x00, 0x00, 0x00, 0x00,
    0x00, 0x00, 0x00, 0x00, 0x00, 0x00, 0x00, 0x00, 0x7e, 0xe0, 0xff, 0x7f,
    0xfe, 0xff, 0xff, 0x7f, 0x86, 0x20, 0xfe, 0x67, 0xea, 0xff, 0x00, 0x50,
    0x0e, 0x00, 0x00, 0x70, 0xca, 0x20, 0x00, 0x50, 0x4a, 0x00, 0x00, 0x50,
    0x0a, 0x40, 0x00, 0x70, 0x0a, 0xc0, 0x0f, 0x78, 0x0a, 0x40, 0x07, 0x70,
    0x0a, 0x40, 0x07, 0x78, 0x0a, 0x40, 0x07, 0x78, 0x4a, 0xc0, 0x0f, 0x70,
    0xca, 0x20, 0x00, 0x50, 0x0a, 0x00, 0x00, 0x50, 0x0e, 0x00, 0x00, 0x70,
    0xfa, 0xff, 0xff, 0x5f, 0x06, 0x00, 0x00, 0x60, 0xfe, 0xff, 0xff, 0x7f,
    0xfe, 0xff, 0xff, 0x7f, 0x00, 0x00, 0x00, 0x00, 0x00, 0x00, 0x00, 0x00,
    0x00, 0x00, 0x00, 0x00, 0x00, 0x00, 0x00, 0x00, 0x00, 0x00, 0x00, 0x00,
    0x00, 0x00, 0x00, 0x00, 0x00, 0x00, 0x00, 0x00,
};
static const uint8_t icon_mastersystem_frame2[] PROGMEM = {
    0x00, 0x00, 0x00, 0x00, 0x00, 0x00, 0x00, 0x00, 0x00, 0x00, 0x00, 0x00,
    0x00, 0x00, 0x00, 0x00, 0x00, 0x00, 0x00, 0x00, 0x7e, 0xe0, 0xff, 0x7f,
    0xfe, 0xff, 0xff, 0x7f, 0x86, 0x20, 0xfe, 0x67, 0xea, 0xff, 0x00, 0x50,
    0x0e, 0x00, 0x00, 0x70, 0xca, 0x20, 0x00, 0x50, 0x4a, 0x00, 0x00, 0x50,
    0x0a, 0x40, 0x00, 0x70, 0x0a, 0xc0, 0x0f, 0x78, 0x0a, 0x40, 0x07, 0x70,
    0x0a, 0x40, 0x07, 0x78, 0x0a, 0x40, 0x07, 0x78, 0x4a, 0xc0, 0x0f, 0x70,
    0xca, 0x20, 0x00, 0x50, 0x0a, 0x00, 0x00, 0x50, 0x0e, 0x00, 0x00, 0x70,
    0xfa, 0xff, 0xff, 0x5f, 0x06, 0x00, 0x00, 0x60, 0xfe, 0xff, 0xff, 0x7f,
    0xfe, 0xff, 0xff, 0x7f, 0x00, 0x00, 0x00, 0x00, 0x00, 0x00, 0x00, 0x00,
    0x00, 0x00, 0x00, 0x00, 0x00, 0x00, 0x00, 0x00, 0x00, 0x00, 0x00, 0x00,
    0x00, 0x00, 0x00, 0x00, 0x00, 0x00, 0x00, 0x00,
};
static const uint8_t icon_mastersystem_frame3[] PROGMEM = {
    0x00, 0x00, 0x00, 0x00, 0x00, 0x00, 0x00, 0x00, 0x00, 0x00, 0x00, 0x00,
    0x00, 0x00, 0x00, 0x00, 0x00, 0x00, 0x00, 0x00, 0x00, 0x00, 0x00, 0x00,
    0x00, 0x00, 0x00, 0x00, 0x00, 0x00, 0x00, 0x00, 0x00, 0x00, 0x00, 0x00,
    0x7e, 0xe0, 0xff, 0x7f, 0xfe, 0xff, 0xff, 0x7f, 0x86, 0x20, 0xfe, 0x67,
    0xea, 0xff, 0x00, 0x50, 0x0e, 0x00, 0x00, 0x70, 0xca, 0x20, 0x00, 0x50,
    0x4a, 0x00, 0x00, 0x50, 0x0a, 0x40, 0x00, 0x70, 0x0a, 0xc0, 0x0f, 0x78,
    0x0a, 0x40, 0x07, 0x70, 0x0a, 0x40, 0x07, 0x78, 0x0a, 0x40, 0x07, 0x78,
    0x4a, 0xc0, 0x0f, 0x70, 0xca, 0x20, 0x00, 0x50, 0x0a, 0x00, 0x00, 0x50,
    0x0e, 0x00, 0x00, 0x70, 0xfa, 0xff, 0xff, 0x5f, 0x06, 0x00, 0x00, 0x60,
    0xfe, 0xff, 0xff, 0x7f, 0xfe, 0xff, 0xff, 0x7f, 0x00, 0x00, 0x00, 0x00,
    0x00, 0x00, 0x00, 0x00, 0x00, 0x00, 0x00, 0x00,
};
static const uint8_t *const icon_mastersystem_frames[] = {icon_mastersystem_frame0, icon_mastersystem_frame1, icon_mastersystem_frame2, icon_mastersystem_frame3};

static const uint8_t icon_pcengine_frame0[] PROGMEM = {
    0x00, 0x00, 0x00, 0x00, 0x00, 0x00, 0x00, 0x00, 0x00, 0x00, 0x00, 0x00,
    0x00, 0x00, 0x00, 0x00, 0x00, 0x00, 0x00, 0x00, 0x00, 0x00, 0x00, 0x00,
    0x00, 0x00, 0x00, 0x00, 0x00, 0x00, 0x00, 0x00, 0xff, 0xff, 0xff, 0xff,
    0xff, 0xff, 0xff, 0xff, 0x00, 0x00, 0x00, 0x00, 0x00, 0x00, 0x00, 0x00,
    0x00, 0x00, 0x00, 0x00, 0x00, 0x00, 0x00, 0x00, 0x00, 0x00, 0x00, 0x00,
    0x0e, 0xf2, 0x1f, 0x7f, 0x1e, 0x72, 0xc0, 0x03, 0x3e, 0x72, 0xc0, 0x01,
    0x7a, 0xf2, 0xef, 0x01, 0xf2, 0xf2, 0xef, 0x01, 0xe2, 0x73, 0xc0, 0x01,
    0xc2, 0x73, 0xc0, 0x01, 0xc2, 0xf3, 0x9f, 0x7f, 0x00, 0x00, 0x00, 0x3e,
    0x00, 0x00, 0x00, 0x00, 0x00, 0x00, 0x00, 0x00, 0x00, 0x00, 0x00, 0x00,
    0x00, 0x00, 0x00, 0x00, 0xff, 0xff, 0xff, 0xff, 0xff, 0xff, 0xff, 0xff,
    0x00, 0x00, 0x00, 0x00, 0x00, 0x00, 0x00, 0x00,
};
static const uint8_t icon_pcengine_frame1[] PROGMEM = {
    0x00, 0x00, 0x00, 0x00, 0x00, 0x00, 0x00, 0x00, 0x00, 0x00, 0x00, 0x00,
    0x00, 0x00, 0x00, 0x00, 0xff, 0xff, 0xff, 0xff, 0xff, 0xff, 0xff, 0xff,
    0x00, 0x00, 0x00, 0x00, 0x00, 0x00, 0x00, 0x00, 0x00, 0x00, 0x00, 0x00,
    0x00, 0x00, 0x00, 0x00, 0x00, 0x00, 0x00, 0x00, 0x0e, 0xf2, 0x1f, 0x7f,
    0x1e, 0x72, 0xc0, 0x03, 0x3e, 0x72, 0xc0, 0x01, 0x7a, 0xf2, 0xef, 0x01,
    0xf2, 0xf2, 0xef, 0x01, 0xe2, 0x73, 0xc0, 0x01, 0xc2, 0x73, 0xc0, 0x01,
    0xc2, 0xf3, 0x9f, 0x7f, 0x00, 0x00, 0x00, 0x3e, 0x00, 0x00, 0x00, 0x00,
    0x00, 0x00, 0x00, 0x00, 0x00, 0x00, 0x00, 0x00, 0x00, 0x00, 0x00, 0x00,
    0xff, 0xff, 0xff, 0xff, 0xff, 0xff, 0xff, 0xff, 0x00, 0x00, 0x00, 0x00,
    0x00, 0x00, 0x00, 0x00, 0x00, 0x00, 0x00, 0x00, 0x00, 0x00, 0x00, 0x00,
    0x00, 0x00, 0x00, 0x00, 0x00, 0x00, 0x00, 0x00,
};
static const uint8_t icon_pcengine_frame2[] PROGMEM = {
    0x00, 0x00, 0x00, 0x00, 0x00, 0x00, 0x00, 0x00, 0x00, 0x00, 0x00, 0x00,
    0x00, 0x00, 0x00, 0x00, 0xff, 0xff, 0xff, 0xff, 0xff, 0xff, 0xff, 0xff,
    0x00, 0x00, 0x00, 0x00, 0x00, 0x00, 0x00, 0x00, 0x00, 0x00, 0x00, 0x00,
    0x00, 0x00, 0x00, 0x00, 0x00, 0x00, 0x00, 0x00, 0x0e, 0xf2, 0x1f, 0x7f,
    0x1e, 0x72, 0xc0, 0x03, 0x3e, 0x72, 0xc0, 0x01, 0x7a, 0xf2, 0xef, 0x01,
    0xf2, 0xf2, 0xef, 0x01, 0xe2, 0x73, 0xc0, 0x01, 0xc2, 0x73, 0xc0, 0x01,
    0xc2, 0xf3, 0x9f, 0x7f, 0x00, 0x00, 0x00, 0x3e, 0x00, 0x00, 0x00, 0x00,
    0x00, 0x00, 0x00, 0x00, 0x00, 0x00, 0x00, 0x00, 0x00, 0x00, 0x00, 0x00,
    0xff, 0xff, 0xff, 0xff, 0xff, 0xff, 0xff, 0xff, 0x00, 0x00, 0x00, 0x00,
    0x00, 0x00, 0x00, 0x00, 0x00, 0x00, 0x00, 0x00, 0x00, 0x00, 0x00, 0x00,
    0x00, 0x00, 0x00, 0x00, 0x00, 0x00, 0x00, 0x00,
};
static const uint8_t icon_pcengine_frame3[] PROGMEM = {
    0x00, 0x00, 0x00, 0x00, 0x00, 0x00, 0x00, 0x00, 0x00, 0x00, 0x00, 0x00,
    0x00, 0x00, 0x00, 0x00, 0x00, 0x00, 0x00, 0x00, 0x00, 0x00, 0x00, 0x00,
    0x00, 0x00, 0x00, 0x00, 0x00, 0x00, 0x00, 0x00, 0xff, 0xff, 0xff, 0xff,
    0xff, 0xff, 0xff, 0xff, 0x00, 0x00, 0x00, 0x00, 0x00, 0x00, 0x00, 0x00,
    0x00, 0x00, 0x00, 0x00, 0x00, 0x00, 0x00, 0x00, 0x00, 0x00, 0x00, 0x00,
    0x0e, 0xf2, 0x1f, 0x7f, 0x1e, 0x72, 0xc0, 0x03, 0x3e, 0x72, 0xc0, 0x01,
    0x7a, 0xf2, 0xef, 0x01, 0xf2, 0xf2, 0xef, 0x01, 0xe2, 0x73, 0xc0, 0x01,
    0xc2, 0x73, 0xc0, 0x01, 0xc2, 0xf3, 0x9f, 0x7f, 0x00, 0x00, 0x00, 0x3e,
    0x00, 0x00, 0x00, 0x00, 0x00, 0x00, 0x00, 0x00, 0x00, 0x00, 0x00, 0x00,
    0x00, 0x00, 0x00, 0x00, 0xff, 0xff, 0xff, 0xff, 0xff, 0xff, 0xff, 0xff,
    0x00, 0x00, 0x00, 0x00, 0x00, 0x00, 0x00, 0x00,
};
static const uint8_t *const icon_pcengine_frames[] = {icon_pcengine_frame0, icon_pcengine_frame1, icon_pcengine_frame2, icon_pcengine_frame3};

static const uint8_t icon_game_7_frame0[] PROGMEM = {
    0x00, 0x00, 0x00, 0x00, 0x00, 0x00, 0x00, 0x00, 0x00, 0x00, 0x00, 0x00,
    0x00, 0x00, 0x00, 0x00, 0x00, 0x00, 0x00, 0x00, 0xfe, 0xff, 0xff, 0x7f,
    0x07, 0x00, 0x00, 0xe0, 0x03, 0x00, 0x00, 0xc0, 0x03, 0x00, 0x00, 0xc0,
    0x07, 0x00, 0x00, 0xc0, 0x03, 0x00, 0x00, 0xc0, 0x03, 0x00, 0x7f, 0xc0,
    0x03, 0x00, 0x00, 0xc0, 0x03, 0x00, 0x00, 0xc0, 0x03, 0x00, 0x00, 0xc0,
    0x03, 0x00, 0x00, 0xc0, 0x07, 0x00, 0x00, 0xc0, 0x03, 0x00, 0x00, 0xc0,
    0x43, 0x20, 0x01, 0xc2, 0x03, 0x40, 0x40, 0xc1, 0x03, 0x02, 0xc1, 0xc0,
    0x43, 0x02, 0x1c, 0xc0, 0x43, 0x00, 0x00, 0xc0, 0x03, 0x00, 0x00, 0xc0,
    0x03, 0x00, 0x00, 0xc0, 0xf3, 0xff, 0x9c, 0xef, 0xf3, 0xff, 0x5a, 0xff,
    0xf3, 0x7f, 0x4a, 0xff, 0xff, 0xff, 0xff, 0xff, 0xff, 0xff, 0xff, 0xff,
    0xfe, 0xff, 0xff, 0x7f, 0x00, 0x00, 0x00, 0x00,
};
static const uint8_t icon_game_7_frame1[] PROGMEM = {
    0x00, 0x00, 0x00, 0x00, 0xfe, 0xff, 0xff, 0x7f, 0x07, 0x00, 0x00, 0xe0,
    0x03, 0x00, 0x00, 0xc0, 0x03, 0x00, 0x00, 0xc0, 0x07, 0x00, 0x00, 0xc0,
    0x03, 0x00, 0x00, 0xc0, 0x03, 0x00, 0x7f, 0xc0, 0x03, 0x00, 0x00, 0xc0,
    0x03, 0x00, 0x00, 0xc0, 0x03, 0x00, 0x00, 0xc0, 0x03, 0x00, 0x00, 0xc0,
    0x07, 0x00, 0x00, 0xc0, 0x03, 0x00, 0x00, 0xc0, 0x43, 0x20, 0x01, 0xc2,
    0x03, 0x40, 0x40, 0xc1, 0x03, 0x02, 0xc1, 0xc0, 0x43, 0x02, 0x1c, 0xc0,
    0x43, 0x00, 0x00, 0xc0, 0x03, 0x00, 0x00, 0xc0, 0x03, 0x00, 0x00, 0xc0,
    0xf3, 0xff, 0x9c, 0xef, 0xf3, 0xff, 0x5a, 0xff, 0xf3, 0x7f, 0x4a, 0xff,
    0xff, 0xff, 0xff, 0xff, 0xff, 0xff, 0xff, 0xff, 0xfe, 0xff, 0xff, 0x7f,
    0x00, 0x00, 0x00, 0x00, 0x00, 0x00, 0x00, 0x00, 0x00, 0x00, 0x00, 0x00,
    0x00, 0x00, 0x00, 0x00, 0x00, 0x00, 0x00, 0x00,
};
static const uint8_t icon_game_7_frame2[] PROGMEM = {
    0x00, 0x00, 0x00, 0x00, 0xfe, 0xff, 0xff, 0x7f, 0x07, 0x00, 0x00, 0xe0,
    0x03, 0x00, 0x00, 0xc0, 0x03, 0x00, 0x00, 0xc0, 0x07, 0x00, 0x00, 0xc0,
    0x03, 0x00, 0x00, 0xc0, 0x03, 0x00, 0x7f, 0xc0, 0x03, 0x00, 0x00, 0xc0,
    0x03, 0x00, 0x00, 0xc0, 0x03, 0x00, 0x00, 0xc0, 0x03, 0x00, 0x00, 0xc0,
    0x07, 0x00, 0x00, 0xc0, 0x03, 0x00, 0x00, 0xc0, 0x43, 0x20, 0x01, 0xc2,
    0x03, 0x40, 0x40, 0xc1, 0x03, 0x02, 0xc1, 0xc0, 0x43, 0x02, 0x1c, 0xc0,
    0x43, 0x00, 0x00, 0xc0, 0x03, 0x00, 0x00, 0xc0, 0x03, 0x00, 0x00, 0xc0,
    0xf3, 0xff, 0x9c, 0xef, 0xf3, 0xff, 0x5a, 0xff, 0xf3, 0x7f, 0x4a, 0xff,
    0xff, 0xff, 0xff, 0xff, 0xff, 0xff, 0xff, 0xff, 0xfe, 0xff, 0xff, 0x7f,
    0x00, 0x00, 0x00, 0x00, 0x00, 0x00, 0x00, 0x00, 0x00, 0x00, 0x00, 0x00,
    0x00, 0x00, 0x00, 0x00, 0x00, 0x00, 0x00, 0x00,
};
static const uint8_t icon_game_7_frame3[] PROGMEM = {
    0x00, 0x00, 0x00, 0x00, 0x00, 0x00, 0x00, 0x00, 0x00, 0x00, 0x00, 0x00,
    0x00, 0x00, 0x00, 0x00, 0x00, 0x00, 0x00, 0x00, 0xfe, 0xff, 0xff, 0x7f,
    0x07, 0x00, 0x00, 0xe0, 0x03, 0x00, 0x00, 0xc0, 0x03, 0x00, 0x00, 0xc0,
    0x07, 0x00, 0x00, 0xc0, 0x03, 0x00, 0x00, 0xc0, 0x03, 0x00, 0x7f, 0xc0,
    0x03, 0x00, 0x00, 0xc0, 0x03, 0x00, 0x00, 0xc0, 0x03, 0x00, 0x00, 0xc0,
    0x03, 0x00, 0x00, 0xc0, 0x07, 0x00, 0x00, 0xc0, 0x03, 0x00, 0x00, 0xc0,
    0x43, 0x20, 0x01, 0xc2, 0x03, 0x40, 0x40, 0xc1, 0x03, 0x02, 0xc1, 0xc0,
    0x43, 0x02, 0x1c, 0xc0, 0x43, 0x00, 0x00, 0xc0, 0x03, 0x00, 0x00, 0xc0,
    0x03, 0x00, 0x00, 0xc0, 0xf3, 0xff, 0x9c, 0xef, 0xf3, 0xff, 0x5a, 0xff,
    0xf3, 0x7f, 0x4a, 0xff, 0xff, 0xff, 0xff, 0xff, 0xff, 0xff, 0xff, 0xff,
    0xfe, 0xff, 0xff, 0x7f, 0x00, 0x00, 0x00, 0x00,
};
static const uint8_t *const icon_game_7_frames[] = {icon_game_7_frame0, icon_game_7_frame1, icon_game_7_frame2, icon_game_7_frame3};

static const uint8_t icon_snk_neo_geo_frame0[] PROGMEM = {
    0x00, 0x00, 0x00, 0x00, 0x00, 0x00, 0x00, 0x00, 0x00, 0x00, 0x00, 0x00,
    0x00, 0x00, 0x00, 0x00, 0x00, 0x00, 0x00, 0x00, 0x00, 0x00, 0x00, 0x00,
    0x00, 0x00, 0x00, 0x00, 0x00, 0x00, 0x00, 0x00, 0x00, 0x00, 0x00, 0x00,
    0xf8, 0x3f, 0xfc, 0x1f, 0x7c, 0xfe, 0x7f, 0x3e, 0xee, 0x0f, 0xf0, 0x77,
    0x37, 0xf0, 0x0f, 0xec, 0x1f, 0x00, 0x00, 0xf8, 0x0f, 0x00, 0x00, 0xf0,
    0x05, 0x00, 0x00, 0xb0, 0x1f, 0x10, 0x00, 0xf0, 0x06, 0x60, 0xce, 0x61,
    0x3e, 0xfc, 0x6c, 0x61, 0x3f, 0xfa, 0x3f, 0xf2, 0xdf, 0x77, 0x3e, 0xfe,
    0xff, 0xfe, 0x7c, 0xff, 0xfe, 0xff, 0xfe, 0x7f, 0xfe, 0xff, 0xff, 0x7f,
    0xff, 0xff, 0xff, 0xff, 0xff, 0xff, 0xff, 0xff, 0xf7, 0x0f, 0xf0, 0xef,
    0x3f, 0xff, 0xff, 0xfc, 0xfc, 0x3f, 0xfc, 0x3f, 0x00, 0x00, 0x00, 0x00,
    0x00, 0x00, 0x00, 0x00, 0x00, 0x00, 0x00, 0x00,
};
static const uint8_t icon_snk_neo_geo_frame1[] PROGMEM = {
    0x00, 0x00, 0x00, 0x00, 0x00, 0x00, 0x00, 0x00, 0x00, 0x00, 0x00, 0x00,
    0x00, 0x00, 0x00, 0x00, 0x00, 0x00, 0x00, 0x00, 0xf8, 0x3f, 0xfc, 0x1f,
    0x7c, 0xfe, 0x7f, 0x3e, 0xee, 0x0f, 0xf0, 0x77, 0x37, 0xf0, 0x0f, 0xec,
    0x1f, 0x00, 0x00, 0xf8, 0x0f, 0x00, 0x00, 0xf0, 0x05, 0x00, 0x00, 0xb0,
    0x1f, 0x10, 0x00, 0xf0, 0x06, 0x60, 0xce, 0x61, 0x3e, 0xfc, 0x6c, 0x61,
    0x3f, 0xfa, 0x3f, 0xf2, 0xdf, 0x77, 0x3e, 0xfe, 0xff, 0xfe, 0x7c, 0xff,
    0xfe, 0xff, 0xfe, 0x7f, 0xfe, 0xff, 0xff, 0x7f, 0xff, 0xff, 0xff, 0xff,
    0xff, 0xff, 0xff, 0xff, 0xf7, 0x0f, 0xf0, 0xef, 0x3f, 0xff, 0xff, 0xfc,
    0xfc, 0x3f, 0xfc, 0x3f, 0x00, 0x00, 0x00, 0x00, 0x00, 0x00, 0x00, 0x00,
    0x00, 0x00, 0x00, 0x00, 0x00, 0x00, 0x00, 0x00, 0x00, 0x00, 0x00, 0x00,
    0x00, 0x00, 0x00, 0x00, 0x00, 0x00, 0x00, 0x00,
};
static const uint8_t icon_snk_neo_geo_frame2[] PROGMEM = {
    0x00, 0x00, 0x00, 0x00, 0x00, 0x00, 0x00, 0x00, 0x00, 0x00, 0x00, 0x00,
    0x00, 0x00, 0x00, 0x00, 0x00, 0x00, 0x00, 0x00, 0xf8, 0x3f, 0xfc, 0x1f,
    0x7c, 0xfe, 0x7f, 0x3e, 0xee, 0x0f, 0xf0, 0x77, 0x37, 0xf0, 0x0f, 0xec,
    0x1f, 0x00, 0x00, 0xf8, 0x0f, 0x00, 0x00, 0xf0, 0x05, 0x00, 0x00, 0xb0,
    0x1f, 0x10, 0x00, 0xf0, 0x06, 0x60, 0xce, 0x61, 0x3e, 0xfc, 0x6c, 0x61,
    0x3f, 0xfa, 0x3f, 0xf2, 0xdf, 0x77, 0x3e, 0xfe, 0xff, 0xfe, 0x7c, 0xff,
    0xfe, 0xff, 0xfe, 0x7f, 0xfe, 0xff, 0xff, 0x7f, 0xff, 0xff, 0xff, 0xff,
    0xff, 0xff, 0xff, 0xff, 0xf7, 0x0f, 0xf0, 0xef, 0x3f, 0xff, 0xff, 0xfc,
    0xfc, 0x3f, 0xfc, 0x3f, 0x00, 0x00, 0x00, 0x00, 0x00, 0x00, 0x00, 0x00,
    0x00, 0x00, 0x00, 0x00, 0x00, 0x00, 0x00, 0x00, 0x00, 0x00, 0x00, 0x00,
    0x00, 0x00, 0x00, 0x00, 0x00, 0x00, 0x00, 0x00,
};
static const uint8_t icon_snk_neo_geo_frame3[] PROGMEM = {
    0x00, 0x00, 0x00, 0x00, 0x00, 0x00, 0x00, 0x00, 0x00, 0x00, 0x00, 0x00,
    0x00, 0x00, 0x00, 0x00, 0x00, 0x00, 0x00, 0x00, 0x00, 0x00, 0x00, 0x00,
    0x00, 0x00, 0x00, 0x00, 0x00, 0x00, 0x00, 0x00, 0x00, 0x00, 0x00, 0x00,
    0xf8, 0x3f, 0xfc, 0x1f, 0x7c, 0xfe, 0x7f, 0x3e, 0xee, 0x0f, 0xf0, 0x77,
    0x37, 0xf0, 0x0f, 0xec, 0x1f, 0x00, 0x00, 0xf8, 0x0f, 0x00, 0x00, 0xf0,
    0x05, 0x00, 0x00, 0xb0, 0x1f, 0x10, 0x00, 0xf0, 0x06, 0x60, 0xce, 0x61,
    0x3e, 0xfc, 0x6c, 0x61, 0x3f, 0xfa, 0x3f, 0xf2, 0xdf, 0x77, 0x3e, 0xfe,
    0xff, 0xfe, 0x7c, 0xff, 0xfe, 0xff, 0xfe, 0x7f, 0xfe, 0xff, 0xff, 0x7f,
    0xff, 0xff, 0xff, 0xff, 0xff, 0xff, 0xff, 0xff, 0xf7, 0x0f, 0xf0, 0xef,
    0x3f, 0xff, 0xff, 0xfc, 0xfc, 0x3f, 0xfc, 0x3f, 0x00, 0x00, 0x00, 0x00,
    0x00, 0x00, 0x00, 0x00, 0x00, 0x00, 0x00, 0x00,
};
static const uint8_t *const icon_snk_neo_geo_frames[] = {icon_snk_neo_geo_frame0, icon_snk_neo_geo_frame1, icon_snk_neo_geo_frame2, icon_snk_neo_geo_frame3};

static const uint8_t icon_neogeocd_frame0[] PROGMEM = {
    0x00, 0x00, 0x00, 0x00, 0x00, 0x00, 0x00, 0x00, 0x00, 0x00, 0x00, 0x00,
    0xff, 0xff, 0xff, 0xff, 0xff, 0xff, 0xff, 0xff, 0x00, 0x00, 0x00, 0x00,
    0x00, 0xfc, 0x3f, 0x00, 0x78, 0x00, 0x00, 0x0e, 0x04, 0x00, 0x00, 0x20,
    0x04, 0x01, 0x00, 0x28, 0x04, 0xf1, 0x07, 0x20, 0x04, 0x0e, 0x20, 0x20,
    0x04, 0x03, 0x40, 0x20, 0x04, 0x01, 0x80, 0x20, 0x84, 0x00, 0x00, 0x21,
    0x40, 0x00, 0x00, 0x02, 0x40, 0x00, 0x00, 0x02, 0x40, 0x00, 0x00, 0x02,
    0x42, 0x00, 0x00, 0x42, 0x42, 0x00, 0x00, 0x42, 0x82, 0x00, 0x00, 0x41,
    0x02, 0x01, 0x80, 0x40, 0x02, 0x02, 0x40, 0x40, 0xc2, 0x1c, 0x38, 0x02,
    0x00, 0xe7, 0xef, 0x00, 0x00, 0xfc, 0x3f, 0x00, 0x02, 0xf0, 0x0f, 0x00,
    0x06, 0x00, 0x00, 0x40, 0x7e, 0x00, 0x80, 0x7f, 0xfe, 0x0f, 0xe0, 0x7f,
    0xf8, 0xff, 0xff, 0x1f, 0xc0, 0xff, 0xff, 0x03,
};
static const uint8_t icon_neogeocd_frame1[] PROGMEM = {
    0xff, 0xff, 0xff, 0xff, 0x00, 0x00, 0x00, 0x00, 0x00, 0xfc, 0x3f, 0x00,
    0x78, 0x00, 0x00, 0x0e, 0x04, 0x00, 0x00, 0x20, 0x04, 0x01, 0x00, 0x28,
    0x04, 0xf1, 0x07, 0x20, 0x04, 0x0e, 0x20, 0x20, 0x04, 0x03, 0x40, 0x20,
    0x04, 0x01, 0x80, 0x20, 0x84, 0x00, 0x00, 0x21, 0x40, 0x00, 0x00, 0x02,
    0x40, 0x00, 0x00, 0x02, 0x40, 0x00, 0x00, 0x02, 0x42, 0x00, 0x00, 0x42,
    0x42, 0x00, 0x00, 0x42, 0x82, 0x00, 0x00, 0x41, 0x02, 0x01, 0x80, 0x40,
    0x02, 0x02, 0x40, 0x40, 0xc2, 0x1c, 0x38, 0x02, 0x00, 0xe7, 0xef, 0x00,
    0x00, 0xfc, 0x3f, 0x00, 0x02, 0xf0, 0x0f, 0x00, 0x06, 0x00, 0x00, 0x40,
    0x7e, 0x00, 0x80, 0x7f, 0xfe, 0x0f, 0xe0, 0x7f, 0xf8, 0xff, 0xff, 0x1f,
    0xc0, 0xff, 0xff, 0x03, 0x00, 0x00, 0x00, 0x00, 0xff, 0xff, 0xff, 0xff,
    0xff, 0xff, 0xff, 0xff, 0x00, 0x00, 0x00, 0x00,
};
static const uint8_t icon_neogeocd_frame2[] PROGMEM = {
    0xff, 0xff, 0xff, 0xff, 0x00, 0x00, 0x00, 0x00, 0x00, 0xfc, 0x3f, 0x00,
    0x78, 0x00, 0x00, 0x0e, 0x04, 0x00, 0x00, 0x20, 0x04, 0x01, 0x00, 0x28,
    0x04, 0xf1, 0x07, 0x20, 0x04, 0x0e, 0x20, 0x20, 0x04, 0x03, 0x40, 0x20,
    0x04, 0x01, 0x80, 0x20, 0x84, 0x00, 0x00, 0x21, 0x40, 0x00, 0x00, 0x02,
    0x40, 0x00, 0x00, 0x02, 0x40, 0x00, 0x00, 0x02, 0x42, 0x00, 0x00, 0x42,
    0x42, 0x00, 0x00, 0x42, 0x82, 0x00, 0x00, 0x41, 0x02, 0x01, 0x80, 0x40,
    0x02, 0x02, 0x40, 0x40, 0xc2, 0x1c, 0x38, 0x02, 0x00, 0xe7, 0xef, 0x00,
    0x00, 0xfc, 0x3f, 0x00, 0x02, 0xf0, 0x0f, 0x00, 0x06, 0x00, 0x00, 0x40,
    0x7e, 0x00, 0x80, 0x7f, 0xfe, 0x0f, 0xe0, 0x7f, 0xf8, 0xff, 0xff, 0x1f,
    0xc0, 0xff, 0xff, 0x03, 0x00, 0x00, 0x00, 0x00, 0xff, 0xff, 0xff, 0xff,
    0xff, 0xff, 0xff, 0xff, 0x00, 0x00, 0x00, 0x00,
};
static const uint8_t icon_neogeocd_frame3[] PROGMEM = {
    0x00, 0x00, 0x00, 0x00, 0x00, 0x00, 0x00, 0x00, 0x00, 0x00, 0x00, 0x00,
    0xff, 0xff, 0xff, 0xff, 0xff, 0xff, 0xff, 0xff, 0x00, 0x00, 0x00, 0x00,
    0x00, 0xfc, 0x3f, 0x00, 0x78, 0x00, 0x00, 0x0e, 0x04, 0x00, 0x00, 0x20,
    0x04, 0x01, 0x00, 0x28, 0x04, 0xf1, 0x07, 0x20, 0x04, 0x0e, 0x20, 0x20,
    0x04, 0x03, 0x40, 0x20, 0x04, 0x01, 0x80, 0x20, 0x84, 0x00, 0x00, 0x21,
    0x40, 0x00, 0x00, 0x02, 0x40, 0x00, 0x00, 0x02, 0x40, 0x00, 0x00, 0x02,
    0x42, 0x00, 0x00, 0x42, 0x42, 0x00, 0x00, 0x42, 0x82, 0x00, 0x00, 0x41,
    0x02, 0x01, 0x80, 0x40, 0x02, 0x02, 0x40, 0x40, 0xc2, 0x1c, 0x38, 0x02,
    0x00, 0xe7, 0xef, 0x00, 0x00, 0xfc, 0x3f, 0x00, 0x02, 0xf0, 0x0f, 0x00,
    0x06, 0x00, 0x00, 0x40, 0x7e, 0x00, 0x80, 0x7f, 0xfe, 0x0f, 0xe0, 0x7f,
    0xf8, 0xff, 0xff, 0x1f, 0xc0, 0xff, 0xff, 0x03,
};
static const uint8_t *const icon_neogeocd_frames[] = {icon_neogeocd_frame0, icon_neogeocd_frame1, icon_neogeocd_frame2, icon_neogeocd_frame3};

static const uint8_t icon_sony_playstation_frame0[] PROGMEM = {
    0x00, 0x00, 0x00, 0x00, 0x00, 0x00, 0x00, 0x00, 0x00, 0x00, 0x00, 0x00,
    0x00, 0x00, 0x00, 0x00, 0x00, 0x00, 0x00, 0x00, 0x00, 0x00, 0x00, 0x00,
    0x00, 0x00, 0x00, 0x00, 0xf8, 0x0f, 0xf0, 0x1f, 0xfc, 0x1f, 0xf8, 0x3f,
    0xfc, 0x3f, 0xfc, 0x3f, 0x1e, 0xfc, 0x3f, 0x78, 0x1f, 0xf8, 0x1f, 0xf8,
    0x0f, 0xf8, 0x1f, 0xf0, 0x87, 0x00, 0x00, 0xe3, 0x87, 0x00, 0x00, 0xe1,
    0x37, 0x03, 0x60, 0xec, 0x87, 0x00, 0x60, 0xec, 0x87, 0x00, 0x80, 0xe3,
    0x87, 0x10, 0x88, 0xe3, 0xe7, 0xff, 0xff, 0xe7, 0x83, 0x0f, 0xf0, 0xe1,
    0x03, 0xff, 0xff, 0xe1, 0x03, 0xff, 0xff, 0xc1, 0x03, 0xff, 0xff, 0xc1,
    0x83, 0x0f, 0xf0, 0xc1, 0x83, 0x07, 0xe0, 0xc1, 0xc3, 0x07, 0xe0, 0xc3,
    0xe3, 0x03, 0xc0, 0xc7, 0xff, 0x03, 0xc0, 0xff, 0xff, 0x01, 0x80, 0xff,
    0xff, 0x00, 0x00, 0xff, 0x00, 0x00, 0x00, 0x00,
};
static const uint8_t icon_sony_playstation_frame1[] PROGMEM = {
    0x00, 0x00, 0x00, 0x00, 0x00, 0x00, 0x00, 0x00, 0x00, 0x00, 0x00, 0x00,
    0xf8, 0x0f, 0xf0, 0x1f, 0xfc, 0x1f, 0xf8, 0x3f, 0xfc, 0x3f, 0xfc, 0x3f,
    0x1e, 0xfc, 0x3f, 0x78, 0x1f, 0xf8, 0x1f, 0xf8, 0x0f, 0xf8, 0x1f, 0xf0,
    0x87, 0x00, 0x00, 0xe3, 0x87, 0x00, 0x00, 0xe1, 0x37, 0x03, 0x60, 0xec,
    0x87, 0x00, 0x60, 0xec, 0x87, 0x00, 0x80, 0xe3, 0x87, 0x10, 0x88, 0xe3,
    0xe7, 0xff, 0xff, 0xe7, 0x83, 0x0f, 0xf0, 0xe1, 0x03, 0xff, 0xff, 0xe1,
    0x03, 0xff, 0xff, 0xc1, 0x03, 0xff, 0xff, 0xc1, 0x83, 0x0f, 0xf0, 0xc1,
    0x83, 0x07, 0xe0, 0xc1, 0xc3, 0x07, 0xe0, 0xc3, 0xe3, 0x03, 0xc0, 0xc7,
    0xff, 0x03, 0xc0, 0xff, 0xff, 0x01, 0x80, 0xff, 0xff, 0x00, 0x00, 0xff,
    0x00, 0x00, 0x00, 0x00, 0x00, 0x00, 0x00, 0x00, 0x00, 0x00, 0x00, 0x00,
    0x00, 0x00, 0x00, 0x00, 0x00, 0x00, 0x00, 0x00,
};
static const uint8_t icon_sony_playstation_frame2[] PROGMEM = {
    0x00, 0x00, 0x00, 0x00, 0x00, 0x00, 0x00, 0x00, 0x00, 0x00, 0x00, 0x00,
    0xf8, 0x0f, 0xf0, 0x1f, 0xfc, 0x1f, 0xf8, 0x3f, 0xfc, 0x3f, 0xfc, 0x3f,
    0x1e, 0xfc, 0x3f, 0x78, 0x1f, 0xf8, 0x1f, 0xf8, 0x0f, 0xf8, 0x1f, 0xf0,
    0x87, 0x00, 0x00, 0xe3, 0x87, 0x00, 0x00, 0xe1, 0x37, 0x03, 0x60, 0xec,
    0x87, 0x00, 0x60, 0xec, 0x87, 0x00, 0x80, 0xe3, 0x87, 0x10, 0x88, 0xe3,
    0xe7, 0xff, 0xff, 0xe7, 0x83, 0x0f, 0xf0, 0xe1, 0x03, 0xff, 0xff, 0xe1,
    0x03, 0xff, 0xff, 0xc1, 0x03, 0xff, 0xff, 0xc1, 0x83, 0x0f, 0xf0, 0xc1,
    0x83, 0x07, 0xe0, 0xc1, 0xc3, 0x07, 0xe0, 0xc3, 0xe3, 0x03, 0xc0, 0xc7,
    0xff, 0x03, 0xc0, 0xff, 0xff, 0x01, 0x80, 0xff, 0xff, 0x00, 0x00, 0xff,
    0x00, 0x00, 0x00, 0x00, 0x00, 0x00, 0x00, 0x00, 0x00, 0x00, 0x00, 0x00,
    0x00, 0x00, 0x00, 0x00, 0x00, 0x00, 0x00, 0x00,
};
static const uint8_t icon_sony_playstation_frame3[] PROGMEM = {
    0x00, 0x00, 0x00, 0x00, 0x00, 0x00, 0x00, 0x00, 0x00, 0x00, 0x00, 0x00,
    0x00, 0x00, 0x00, 0x00, 0x00, 0x00, 0x00, 0x00, 0x00, 0x00, 0x00, 0x00,
    0x00, 0x00, 0x00, 0x00, 0xf8, 0x0f, 0xf0, 0x1f, 0xfc, 0x1f, 0xf8, 0x3f,
    0xfc, 0x3f, 0xfc, 0x3f, 0x1e, 0xfc, 0x3f, 0x78, 0x1f, 0xf8, 0x1f, 0xf8,
    0x0f, 0xf8, 0x1f, 0xf0, 0x87, 0x00, 0x00, 0xe3, 0x87, 0x00, 0x00, 0xe1,
    0x37, 0x03, 0x60, 0xec, 0x87, 0x00, 0x60, 0xec, 0x87, 0x00, 0x80, 0xe3,
    0x87, 0x10, 0x88, 0xe3, 0xe7, 0xff, 0xff, 0xe7, 0x83, 0x0f, 0xf0, 0xe1,
    0x03, 0xff, 0xff, 0xe1, 0x03, 0xff, 0xff, 0xc1, 0x03, 0xff, 0xff, 0xc1,
    0x83, 0x0f, 0xf0, 0xc1, 0x83, 0x07, 0xe0, 0xc1, 0xc3, 0x07, 0xe0, 0xc3,
    0xe3, 0x03, 0xc0, 0xc7, 0xff, 0x03, 0xc0, 0xff, 0xff, 0x01, 0x80, 0xff,
    0xff, 0x00, 0x00, 0xff, 0x00, 0x00, 0x00, 0x00,
};
static const uint8_t *const icon_sony_playstation_frames[] = {icon_sony_playstation_frame0, icon_sony_playstation_frame1, icon_sony_playstation_frame2, icon_sony_playstation_frame3};

static const uint8_t icon_ps1_frame0[] PROGMEM = {
    0x00, 0x00, 0x00, 0x00, 0x00, 0x00, 0x00, 0x00, 0xff, 0xff, 0xff, 0xff,
    0xff, 0xff, 0xff, 0xff, 0x00, 0x00, 0x00, 0x00, 0x00, 0x00, 0x00, 0x00,
    0x00, 0x00, 0x00, 0x00, 0xf8, 0xff, 0xff, 0x1f, 0x04, 0x00, 0x40, 0x30,
    0x04, 0x03, 0x50, 0x20, 0x06, 0x02, 0x40, 0x20, 0x02, 0x01, 0x00, 0x20,
    0x02, 0x00, 0x00, 0x20, 0x02, 0x00, 0x00, 0x20, 0x02, 0x00, 0x00, 0x60,
    0x02, 0x00, 0x00, 0x40, 0x02, 0x00, 0x00, 0x40, 0x02, 0x00, 0x00, 0x40,
    0x02, 0x00, 0x00, 0x40, 0x1b, 0x00, 0x00, 0x40, 0x01, 0x00, 0x00, 0x40,
    0x81, 0x80, 0x00, 0x40, 0x21, 0x01, 0x00, 0x52, 0x01, 0x02, 0x00, 0x40,
    0x05, 0x00, 0x10, 0x50, 0x19, 0xe0, 0x07, 0x40, 0x03, 0xc0, 0x03, 0x40,
    0xfa, 0x1f, 0xfc, 0x7f, 0xb6, 0x7f, 0xfe, 0x21, 0xfc, 0xff, 0xff, 0x1f,
    0x00, 0xff, 0xff, 0x01, 0x00, 0x00, 0x00, 0x00,
};
static const uint8_t icon_ps1_frame1[] PROGMEM = {
    0x00, 0x00, 0x00, 0x00, 0x00, 0x00, 0x00, 0x00, 0x00, 0x00, 0x00, 0x00,
    0xf8, 0xff, 0xff, 0x1f, 0x04, 0x00, 0x40, 0x30, 0x04, 0x03, 0x50, 0x20,
    0x06, 0x02, 0x40, 0x20, 0x02, 0x01, 0x00, 0x20, 0x02, 0x00, 0x00, 0x20,
    0x02, 0x00, 0x00, 0x20, 0x02, 0x00, 0x00, 0x60, 0x02, 0x00, 0x00, 0x40,
    0x02, 0x00, 0x00, 0x40, 0x02, 0x00, 0x00, 0x40, 0x02, 0x00, 0x00, 0x40,
    0x1b, 0x00, 0x00, 0x40, 0x01, 0x00, 0x00, 0x40, 0x81, 0x80, 0x00, 0x40,
    0x21, 0x01, 0x00, 0x52, 0x01, 0x02, 0x00, 0x40, 0x05, 0x00, 0x10, 0x50,
    0x19, 0xe0, 0x07, 0x40, 0x03, 0xc0, 0x03, 0x40, 0xfa, 0x1f, 0xfc, 0x7f,
    0xb6, 0x7f, 0xfe, 0x21, 0xfc, 0xff, 0xff, 0x1f, 0x00, 0xff, 0xff, 0x01,
    0x00, 0x00, 0x00, 0x00, 0x00, 0x00, 0x00, 0x00, 0xff, 0xff, 0xff, 0xff,
    0xff, 0xff, 0xff, 0xff, 0x00, 0x00, 0x00, 0x00,
};
static const uint8_t icon_ps1_frame2[] PROGMEM = {
    0x00, 0x00, 0x00, 0x00, 0x00, 0x00, 0x00, 0x00, 0x00, 0x00, 0x00, 0x00,
    0xf8, 0xff, 0xff, 0x1f, 0x04, 0x00, 0x40, 0x30, 0x04, 0x03, 0x50, 0x20,
    0x06, 0x02, 0x40, 0x20, 0x02, 0x01, 0x00, 0x20, 0x02, 0x00, 0x00, 0x20,
    0x02, 0x00, 0x00, 0x20, 0x02, 0x00, 0x00, 0x60, 0x02, 0x00, 0x00, 0x40,
    0x02, 0x00, 0x00, 0x40, 0x02, 0x00, 0x00, 0x40, 0x02, 0x00, 0x00, 0x40,
    0x1b, 0x00, 0x00, 0x40, 0x01, 0x00, 0x00, 0x40, 0x81, 0x80, 0x00, 0x40,
    0x21, 0x01, 0x00, 0x52, 0x01, 0x02, 0x00, 0x40, 0x05, 0x00, 0x10, 0x50,
    0x19, 0xe0, 0x07, 0x40, 0x03, 0xc0, 0x03, 0x40, 0xfa, 0x1f, 0xfc, 0x7f,
    0xb6, 0x7f, 0xfe, 0x21, 0xfc, 0xff, 0xff, 0x1f, 0x00, 0xff, 0xff, 0x01,
    0x00, 0x00, 0x00, 0x00, 0x00, 0x00, 0x00, 0x00, 0xff, 0xff, 0xff, 0xff,
    0xff, 0xff, 0xff, 0xff, 0x00, 0x00, 0x00, 0x00,
};
static const uint8_t icon_ps1_frame3[] PROGMEM = {
    0x00, 0x00, 0x00, 0x00, 0x00, 0x00, 0x00, 0x00, 0xff, 0xff, 0xff, 0xff,
    0xff, 0xff, 0xff, 0xff, 0x00, 0x00, 0x00, 0x00, 0x00, 0x00, 0x00, 0x00,
    0x00, 0x00, 0x00, 0x00, 0xf8, 0xff, 0xff, 0x1f, 0x04, 0x00, 0x40, 0x30,
    0x04, 0x03, 0x50, 0x20, 0x06, 0x02, 0x40, 0x20, 0x02, 0x01, 0x00, 0x20,
    0x02, 0x00, 0x00, 0x20, 0x02, 0x00, 0x00, 0x20, 0x02, 0x00, 0x00, 0x60,
    0x02, 0x00, 0x00, 0x40, 0x02, 0x00, 0x00, 0x40, 0x02, 0x00, 0x00, 0x40,
    0x02, 0x00, 0x00, 0x40, 0x1b, 0x00, 0x00, 0x40, 0x01, 0x00, 0x00, 0x40,
    0x81, 0x80, 0x00, 0x40, 0x21, 0x01, 0x00, 0x52, 0x01, 0x02, 0x00, 0x40,
    0x05, 0x00, 0x10, 0x50, 0x19, 0xe0, 0x07, 0x40, 0x03, 0xc0, 0x03, 0x40,
    0xfa, 0x1f, 0xfc, 0x7f, 0xb6, 0x7f, 0xfe, 0x21, 0xfc, 0xff, 0xff, 0x1f,
    0x00, 0xff, 0xff, 0x01, 0x00, 0x00, 0x00, 0x00,
};
static const uint8_t *const icon_ps1_frames[] = {icon_ps1_frame0, icon_ps1_frame1, icon_ps1_frame2, icon_ps1_frame3};

static const uint8_t icon_sony_playstation_blue_frame0[] PROGMEM = {
    0x00, 0x00, 0x00, 0x00, 0x00, 0x00, 0x00, 0x00, 0x00, 0x00, 0x00, 0x00,
    0x00, 0x00, 0x00, 0x00, 0x00, 0x00, 0x00, 0x00, 0x00, 0x00, 0x00, 0x00,
    0x00, 0x00, 0x00, 0x00, 0xf0, 0x07, 0xe0, 0x1f, 0xfc, 0x1f, 0xf8, 0x3f,
    0xfc, 0x1f, 0xf8, 0x3f, 0x1e, 0xfc, 0x3f, 0x78, 0x1e, 0xf8, 0x1f, 0x78,
    0x0f, 0xf8, 0x1f, 0xf0, 0x07, 0x00, 0x00, 0xe0, 0x07, 0x00, 0x00, 0xe0,
    0x07, 0x00, 0x00, 0xe0, 0x03, 0x00, 0x00, 0x80, 0x07, 0x00, 0x00, 0xa0,
    0x07, 0x00, 0x00, 0xe1, 0x03, 0x00, 0x20, 0xe0, 0x03, 0x1c, 0x38, 0xe0,
    0x83, 0x01, 0x00, 0xc0, 0x82, 0x43, 0x42, 0x40, 0x01, 0xe7, 0xe7, 0xc0,
    0x01, 0xf7, 0xef, 0x80, 0x81, 0xff, 0xff, 0x81, 0x81, 0x07, 0xe0, 0x81,
    0xc3, 0x03, 0xc0, 0xc3, 0xff, 0x03, 0xc0, 0xff, 0xff, 0x01, 0x80, 0xff,
    0x7f, 0x00, 0x00, 0xfe, 0x00, 0x00, 0x00, 0x00,
};
static const uint8_t icon_sony_playstation_blue_frame1[] PROGMEM = {
    0x00, 0x00, 0x00, 0x00, 0x00, 0x00, 0x00, 0x00, 0x00, 0x00, 0x00, 0x00,
    0xf0, 0x07, 0xe0, 0x1f, 0xfc, 0x1f, 0xf8, 0x3f, 0xfc, 0x1f, 0xf8, 0x3f,
    0x1e, 0xfc, 0x3f, 0x78, 0x1e, 0xf8, 0x1f, 0x78, 0x0f, 0xf8, 0x1f, 0xf0,
    0x07, 0x00, 0x00, 0xe0, 0x07, 0x00, 0x00, 0xe0, 0x07, 0x00, 0x00, 0xe0,
    0x03, 0x00, 0x00, 0x80, 0x07, 0x00, 0x00, 0xa0, 0x07, 0x00, 0x00, 0xe1,
    0x03, 0x00, 0x20, 0xe0, 0x03, 0x1c, 0x38, 0xe0, 0x83, 0x01, 0x00, 0xc0,
    0x82, 0x43, 0x42, 0x40, 0x01, 0xe7, 0xe7, 0xc0, 0x01, 0xf7, 0xef, 0x80,
    0x81, 0xff, 0xff, 0x81, 0x81, 0x07, 0xe0, 0x81, 0xc3, 0x03, 0xc0, 0xc3,
    0xff, 0x03, 0xc0, 0xff, 0xff, 0x01, 0x80, 0xff, 0x7f, 0x00, 0x00, 0xfe,
    0x00, 0x00, 0x00, 0x00, 0x00, 0x00, 0x00, 0x00, 0x00, 0x00, 0x00, 0x00,
    0x00, 0x00, 0x00, 0x00, 0x00, 0x00, 0x00, 0x00,
};
static const uint8_t icon_sony_playstation_blue_frame2[] PROGMEM = {
    0x00, 0x00, 0x00, 0x00, 0x00, 0x00, 0x00, 0x00, 0x00, 0x00, 0x00, 0x00,
    0xf0, 0x07, 0xe0, 0x1f, 0xfc, 0x1f, 0xf8, 0x3f, 0xfc, 0x1f, 0xf8, 0x3f,
    0x1e, 0xfc, 0x3f, 0x78, 0x1e, 0xf8, 0x1f, 0x78, 0x0f, 0xf8, 0x1f, 0xf0,
    0x07, 0x00, 0x00, 0xe0, 0x07, 0x00, 0x00, 0xe0, 0x07, 0x00, 0x00, 0xe0,
    0x03, 0x00, 0x00, 0x80, 0x07, 0x00, 0x00, 0xa0, 0x07, 0x00, 0x00, 0xe1,
    0x03, 0x00, 0x20, 0xe0, 0x03, 0x1c, 0x38, 0xe0, 0x83, 0x01, 0x00, 0xc0,
    0x82, 0x43, 0x42, 0x40, 0x01, 0xe7, 0xe7, 0xc0, 0x01, 0xf7, 0xef, 0x80,
    0x81, 0xff, 0xff, 0x81, 0x81, 0x07, 0xe0, 0x81, 0xc3, 0x03, 0xc0, 0xc3,
    0xff, 0x03, 0xc0, 0xff, 0xff, 0x01, 0x80, 0xff, 0x7f, 0x00, 0x00, 0xfe,
    0x00, 0x00, 0x00, 0x00, 0x00, 0x00, 0x00, 0x00, 0x00, 0x00, 0x00, 0x00,
    0x00, 0x00, 0x00, 0x00, 0x00, 0x00, 0x00, 0x00,
};
static const uint8_t icon_sony_playstation_blue_frame3[] PROGMEM = {
    0x00, 0x00, 0x00, 0x00, 0x00, 0x00, 0x00, 0x00, 0x00, 0x00, 0x00, 0x00,
    0x00, 0x00, 0x00, 0x00, 0x00, 0x00, 0x00, 0x00, 0x00, 0x00, 0x00, 0x00,
    0x00, 0x00, 0x00, 0x00, 0xf0, 0x07, 0xe0, 0x1f, 0xfc, 0x1f, 0xf8, 0x3f,
    0xfc, 0x1f, 0xf8, 0x3f, 0x1e, 0xfc, 0x3f, 0x78, 0x1e, 0xf8, 0x1f, 0x78,
    0x0f, 0xf8, 0x1f, 0xf0, 0x07, 0x00, 0x00, 0xe0, 0x07, 0x00, 0x00, 0xe0,
    0x07, 0x00, 0x00, 0xe0, 0x03, 0x00, 0x00, 0x80, 0x07, 0x00, 0x00, 0xa0,
    0x07, 0x00, 0x00, 0xe1, 0x03, 0x00, 0x20, 0xe0, 0x03, 0x1c, 0x38, 0xe0,
    0x83, 0x01, 0x00, 0xc0, 0x82, 0x43, 0x42, 0x40, 0x01, 0xe7, 0xe7, 0xc0,
    0x01, 0xf7, 0xef, 0x80, 0x81, 0xff, 0xff, 0x81, 0x81, 0x07, 0xe0, 0x81,
    0xc3, 0x03, 0xc0, 0xc3, 0xff, 0x03, 0xc0, 0xff, 0xff, 0x01, 0x80, 0xff,
    0x7f, 0x00, 0x00, 0xfe, 0x00, 0x00, 0x00, 0x00,
};
static const uint8_t *const icon_sony_playstation_blue_frames[] = {icon_sony_playstation_blue_frame0, icon_sony_playstation_blue_frame1, icon_sony_playstation_blue_frame2, icon_sony_playstation_blue_frame3};

static const uint8_t icon_sony_playstation_dual_shock_frame0[] PROGMEM = {
    0x00, 0x00, 0x00, 0x00, 0x00, 0x00, 0x00, 0x00, 0x00, 0x00, 0x00, 0x00,
    0x00, 0x00, 0x00, 0x00, 0x00, 0x00, 0x00, 0x00, 0x00, 0x00, 0x00, 0x00,
    0x00, 0x00, 0x00, 0x00, 0xf8, 0x0f, 0xf0, 0x1f, 0xfc, 0x1f, 0xf8, 0x3f,
    0xfc, 0x3f, 0xfc, 0x3f, 0x1e, 0xfc, 0x3f, 0x78, 0x1f, 0xf8, 0x1f, 0xf8,
    0x0f, 0xf8, 0x1f, 0xf0, 0x87, 0x00, 0x00, 0xe3, 0x87, 0x00, 0x00, 0xe1,
    0x37, 0x03, 0x60, 0xec, 0x87, 0x00, 0x60, 0xec, 0x87, 0x00, 0x80, 0xe3,
    0xc7, 0x14, 0xa8, 0xe3, 0xe7, 0xbf, 0x7d, 0xf7, 0xc3, 0x3f, 0xfc, 0xe3,
    0xc3, 0x5f, 0xfe, 0xe1, 0xc3, 0xc3, 0xc7, 0xc1, 0xc3, 0xff, 0xff, 0xc0,
    0xc3, 0xff, 0xff, 0xc1, 0x83, 0xff, 0xff, 0xc1, 0xc3, 0x3f, 0xfc, 0xc3,
    0xe3, 0x03, 0xc0, 0xc7, 0xff, 0x03, 0xc0, 0xff, 0xff, 0x01, 0x80, 0xff,
    0xff, 0x00, 0x00, 0xff, 0x00, 0x00, 0x00, 0x00,
};
static const uint8_t icon_sony_playstation_dual_shock_frame1[] PROGMEM = {
    0x00, 0x00, 0x00, 0x00, 0x00, 0x00, 0x00, 0x00, 0x00, 0x00, 0x00, 0x00,
    0xf8, 0x0f, 0xf0, 0x1f, 0xfc, 0x1f, 0xf8, 0x3f, 0xfc, 0x3f, 0xfc, 0x3f,
    0x1e, 0xfc, 0x3f, 0x78, 0x1f, 0xf8, 0x1f, 0xf8, 0x0f, 0xf8, 0x1f, 0xf0,
    0x87, 0x00, 0x00, 0xe3, 0x87, 0x00, 0x00, 0xe1, 0x37, 0x03, 0x60, 0xec,
    0x87, 0x00, 0x60, 0xec, 0x87, 0x00, 0x80, 0xe3, 0xc7, 0x14, 0xa8, 0xe3,
    0xe7, 0xbf, 0x7d, 0xf7, 0xc3, 0x3f, 0xfc, 0xe3, 0xc3, 0x5f, 0xfe, 0xe1,
    0xc3, 0xc3, 0xc7, 0xc1, 0xc3, 0xff, 0xff, 0xc0, 0xc3, 0xff, 0xff, 0xc1,
    0x83, 0xff, 0xff, 0xc1, 0xc3, 0x3f, 0xfc, 0xc3, 0xe3, 0x03, 0xc0, 0xc7,
    0xff, 0x03, 0xc0, 0xff, 0xff, 0x01, 0x80, 0xff, 0xff, 0x00, 0x00, 0xff,
    0x00, 0x00, 0x00, 0x00, 0x00, 0x00, 0x00, 0x00, 0x00, 0x00, 0x00, 0x00,
    0x00, 0x00, 0x00, 0x00, 0x00, 0x00, 0x00, 0x00,
};
static const uint8_t icon_sony_playstation_dual_shock_frame2[] PROGMEM = {
    0x00, 0x00, 0x00, 0x00, 0x00, 0x00, 0x00, 0x00, 0x00, 0x00, 0x00, 0x00,
    0xf8, 0x0f, 0xf0, 0x1f, 0xfc, 0x1f, 0xf8, 0x3f, 0xfc, 0x3f, 0xfc, 0x3f,
    0x1e, 0xfc, 0x3f, 0x78, 0x1f, 0xf8, 0x1f, 0xf8, 0x0f, 0xf8, 0x1f, 0xf0,
    0x87, 0x00, 0x00, 0xe3, 0x87, 0x00, 0x00, 0xe1, 0x37, 0x03, 0x60, 0xec,
    0x87, 0x00, 0x60, 0xec, 0x87, 0x00, 0x80, 0xe3, 0xc7, 0x14, 0xa8, 0xe3,
    0xe7, 0xbf, 0x7d, 0xf7, 0xc3, 0x3f, 0xfc, 0xe3, 0xc3, 0x5f, 0xfe, 0xe1,
    0xc3, 0xc3, 0xc7, 0xc1, 0xc3, 0xff, 0xff, 0xc0, 0xc3, 0xff, 0xff, 0xc1,
    0x83, 0xff, 0xff, 0xc1, 0xc3, 0x3f, 0xfc, 0xc3, 0xe3, 0x03, 0xc0, 0xc7,
    0xff, 0x03, 0xc0, 0xff, 0xff, 0x01, 0x80, 0xff, 0xff, 0x00, 0x00, 0xff,
    0x00, 0x00, 0x00, 0x00, 0x00, 0x00, 0x00, 0x00, 0x00, 0x00, 0x00, 0x00,
    0x00, 0x00, 0x00, 0x00, 0x00, 0x00, 0x00, 0x00,
};
static const uint8_t icon_sony_playstation_dual_shock_frame3[] PROGMEM = {
    0x00, 0x00, 0x00, 0x00, 0x00, 0x00, 0x00, 0x00, 0x00, 0x00, 0x00, 0x00,
    0x00, 0x00, 0x00, 0x00, 0x00, 0x00, 0x00, 0x00, 0x00, 0x00, 0x00, 0x00,
    0x00, 0x00, 0x00, 0x00, 0xf8, 0x0f, 0xf0, 0x1f, 0xfc, 0x1f, 0xf8, 0x3f,
    0xfc, 0x3f, 0xfc, 0x3f, 0x1e, 0xfc, 0x3f, 0x78, 0x1f, 0xf8, 0x1f, 0xf8,
    0x0f, 0xf8, 0x1f, 0xf0, 0x87, 0x00, 0x00, 0xe3, 0x87, 0x00, 0x00, 0xe1,
    0x37, 0x03, 0x60, 0xec, 0x87, 0x00, 0x60, 0xec, 0x87, 0x00, 0x80, 0xe3,
    0xc7, 0x14, 0xa8, 0xe3, 0xe7, 0xbf, 0x7d, 0xf7, 0xc3, 0x3f, 0xfc, 0xe3,
    0xc3, 0x5f, 0xfe, 0xe1, 0xc3, 0xc3, 0xc7, 0xc1, 0xc3, 0xff, 0xff, 0xc0,
    0xc3, 0xff, 0xff, 0xc1, 0x83, 0xff, 0xff, 0xc1, 0xc3, 0x3f, 0xfc, 0xc3,
    0xe3, 0x03, 0xc0, 0xc7, 0xff, 0x03, 0xc0, 0xff, 0xff, 0x01, 0x80, 0xff,
    0xff, 0x00, 0x00, 0xff, 0x00, 0x00, 0x00, 0x00,
};
static const uint8_t *const icon_sony_playstation_dual_shock_frames[] = {icon_sony_playstation_dual_shock_frame0, icon_sony_playstation_dual_shock_frame1, icon_sony_playstation_dual_shock_frame2, icon_sony_playstation_dual_shock_frame3};

static const uint8_t icon_sony_playstation_2_frame0[] PROGMEM = {
    0x00, 0x00, 0x00, 0x00, 0x00, 0x00, 0x00, 0x00, 0x00, 0x00, 0x00, 0x00,
    0x00, 0x00, 0x00, 0x00, 0x00, 0x00, 0x00, 0x00, 0x00, 0x00, 0x00, 0x00,
    0x00, 0x00, 0x00, 0x00, 0xf0, 0x07, 0xe0, 0x0f, 0xfc, 0x1f, 0xf8, 0x3f,
    0xdc, 0x19, 0xb8, 0x3b, 0x1e, 0xf4, 0x3f, 0x78, 0x1e, 0xf8, 0x0f, 0x78,
    0x0f, 0xf8, 0x1f, 0xf0, 0x03, 0x00, 0x00, 0xc0, 0x87, 0x00, 0x00, 0xe0,
    0x37, 0x02, 0x00, 0xe0, 0x15, 0x00, 0x00, 0xa0, 0x85, 0x00, 0x00, 0xa0,
    0x87, 0x00, 0x00, 0xe0, 0x07, 0x00, 0x00, 0xf0, 0x03, 0x10, 0x08, 0xe0,
    0x82, 0x01, 0x80, 0x40, 0x82, 0x43, 0xc2, 0x40, 0x83, 0xf7, 0xef, 0xc0,
    0x83, 0xe7, 0xe7, 0xc0, 0x83, 0xfe, 0x7f, 0x81, 0xc2, 0x07, 0xe0, 0x41,
    0xe3, 0x03, 0xc0, 0xc7, 0xdf, 0x03, 0xc0, 0xfb, 0xff, 0x01, 0x80, 0xff,
    0x7e, 0x00, 0x00, 0x7e, 0x00, 0x00, 0x00, 0x00,
};
static const uint8_t icon_sony_playstation_2_frame1[] PROGMEM = {
    0x00, 0x00, 0x00, 0x00, 0x00, 0x00, 0x00, 0x00, 0x00, 0x00, 0x00, 0x00,
    0xf0, 0x07, 0xe0, 0x0f, 0xfc, 0x1f, 0xf8, 0x3f, 0xdc, 0x19, 0xb8, 0x3b,
    0x1e, 0xf4, 0x3f, 0x78, 0x1e, 0xf8, 0x0f, 0x78, 0x0f, 0xf8, 0x1f, 0xf0,
    0x03, 0x00, 0x00, 0xc0, 0x87, 0x00, 0x00, 0xe0, 0x37, 0x02, 0x00, 0xe0,
    0x15, 0x00, 0x00, 0xa0, 0x85, 0x00, 0x00, 0xa0, 0x87, 0x00, 0x00, 0xe0,
    0x07, 0x00, 0x00, 0xf0, 0x03, 0x10, 0x08, 0xe0, 0x82, 0x01, 0x80, 0x40,
    0x82, 0x43, 0xc2, 0x40, 0x83, 0xf7, 0xef, 0xc0, 0x83, 0xe7, 0xe7, 0xc0,
    0x83, 0xfe, 0x7f, 0x81, 0xc2, 0x07, 0xe0, 0x41, 0xe3, 0x03, 0xc0, 0xc7,
    0xdf, 0x03, 0xc0, 0xfb, 0xff, 0x01, 0x80, 0xff, 0x7e, 0x00, 0x00, 0x7e,
    0x00, 0x00, 0x00, 0x00, 0x00, 0x00, 0x00, 0x00, 0x00, 0x00, 0x00, 0x00,
    0x00, 0x00, 0x00, 0x00, 0x00, 0x00, 0x00, 0x00,
};
static const uint8_t icon_sony_playstation_2_frame2[] PROGMEM = {
    0x00, 0x00, 0x00, 0x00, 0x00, 0x00, 0x00, 0x00, 0x00, 0x00, 0x00, 0x00,
    0xf0, 0x07, 0xe0, 0x0f, 0xfc, 0x1f, 0xf8, 0x3f, 0xdc, 0x19, 0xb8, 0x3b,
    0x1e, 0xf4, 0x3f, 0x78, 0x1e, 0xf8, 0x0f, 0x78, 0x0f, 0xf8, 0x1f, 0xf0,
    0x03, 0x00, 0x00, 0xc0, 0x87, 0x00, 0x00, 0xe0, 0x37, 0x02, 0x00, 0xe0,
    0x15, 0x00, 0x00, 0xa0, 0x85, 0x00, 0x00, 0xa0, 0x87, 0x00, 0x00, 0xe0,
    0x07, 0x00, 0x00, 0xf0, 0x03, 0x10, 0x08, 0xe0, 0x82, 0x01, 0x80, 0x40,
    0x82, 0x43, 0xc2, 0x40, 0x83, 0xf7, 0xef, 0xc0, 0x83, 0xe7, 0xe7, 0xc0,
    0x83, 0xfe, 0x7f, 0x81, 0xc2, 0x07, 0xe0, 0x41, 0xe3, 0x03, 0xc0, 0xc7,
    0xdf, 0x03, 0xc0, 0xfb, 0xff, 0x01, 0x80, 0xff, 0x7e, 0x00, 0x00, 0x7e,
    0x00, 0x00, 0x00, 0x00, 0x00, 0x00, 0x00, 0x00, 0x00, 0x00, 0x00, 0x00,
    0x00, 0x00, 0x00, 0x00, 0x00, 0x00, 0x00, 0x00,
};
static const uint8_t icon_sony_playstation_2_frame3[] PROGMEM = {
    0x00, 0x00, 0x00, 0x00, 0x00, 0x00, 0x00, 0x00, 0x00, 0x00, 0x00, 0x00,
    0x00, 0x00, 0x00, 0x00, 0x00, 0x00, 0x00, 0x00, 0x00, 0x00, 0x00, 0x00,
    0x00, 0x00, 0x00, 0x00, 0xf0, 0x07, 0xe0, 0x0f, 0xfc, 0x1f, 0xf8, 0x3f,
    0xdc, 0x19, 0xb8, 0x3b, 0x1e, 0xf4, 0x3f, 0x78, 0x1e, 0xf8, 0x0f, 0x78,
    0x0f, 0xf8, 0x1f, 0xf0, 0x03, 0x00, 0x00, 0xc0, 0x87, 0x00, 0x00, 0xe0,
    0x37, 0x02, 0x00, 0xe0, 0x15, 0x00, 0x00, 0xa0, 0x85, 0x00, 0x00, 0xa0,
    0x87, 0x00, 0x00, 0xe0, 0x07, 0x00, 0x00, 0xf0, 0x03, 0x10, 0x08, 0xe0,
    0x82, 0x01, 0x80, 0x40, 0x82, 0x43, 0xc2, 0x40, 0x83, 0xf7, 0xef, 0xc0,
    0x83, 0xe7, 0xe7, 0xc0, 0x83, 0xfe, 0x7f, 0x81, 0xc2, 0x07, 0xe0, 0x41,
    0xe3, 0x03, 0xc0, 0xc7, 0xdf, 0x03, 0xc0, 0xfb, 0xff, 0x01, 0x80, 0xff,
    0x7e, 0x00, 0x00, 0x7e, 0x00, 0x00, 0x00, 0x00,
};
static const uint8_t *const icon_sony_playstation_2_frames[] = {icon_sony_playstation_2_frame0, icon_sony_playstation_2_frame1, icon_sony_playstation_2_frame2, icon_sony_playstation_2_frame3};

static const uint8_t icon_ps2_frame0[] PROGMEM = {
    0x00, 0x00, 0x00, 0x00, 0x00, 0x00, 0x00, 0x00, 0x00, 0x00, 0x00, 0x00,
    0xff, 0xff, 0xff, 0xff, 0xff, 0xff, 0xff, 0xff, 0x00, 0x00, 0x00, 0x00,
    0x00, 0x00, 0x00, 0x00, 0x00, 0x00, 0x00, 0x00, 0x00, 0x00, 0x00, 0x00,
    0x00, 0x00, 0x00, 0x00, 0x00, 0x00, 0x00, 0x00, 0x00, 0x00, 0x00, 0x00,
    0x00, 0x00, 0x00, 0x00, 0x00, 0x00, 0x00, 0x00, 0x00, 0x00, 0x00, 0x00,
    0x00, 0x00, 0x00, 0x00, 0xfe, 0x83, 0xef, 0x7f, 0xfe, 0xc3, 0xef, 0x7f,
    0x00, 0xc6, 0x00, 0x40, 0xfe, 0xc3, 0xe0, 0x7f, 0xff, 0xc3, 0xe0, 0x3f,
    0x03, 0xc0, 0x20, 0x00, 0x03, 0xfc, 0xe0, 0x7f, 0x00, 0x00, 0x00, 0x00,
    0x00, 0x00, 0x00, 0x00, 0x00, 0x00, 0x00, 0x00, 0x00, 0x00, 0x00, 0x00,
    0x00, 0x00, 0x00, 0x00, 0x00, 0x00, 0x00, 0x00, 0x00, 0x00, 0x00, 0x00,
    0x00, 0x00, 0x00, 0x00, 0x00, 0x00, 0x00, 0x00,
};
static const uint8_t icon_ps2_frame1[] PROGMEM = {
    0xff, 0xff, 0xff, 0xff, 0x00, 0x00, 0x00, 0x00, 0x00, 0x00, 0x00, 0x00,
    0x00, 0x00, 0x00, 0x00, 0x00, 0x00, 0x00, 0x00, 0x00, 0x00, 0x00, 0x00,
    0x00, 0x00, 0x00, 0x00, 0x00, 0x00, 0x00, 0x00, 0x00, 0x00, 0x00, 0x00,
    0x00, 0x00, 0x00, 0x00, 0x00, 0x00, 0x00, 0x00, 0x00, 0x00, 0x00, 0x00,
    0xfe, 0x83, 0xef, 0x7f, 0xfe, 0xc3, 0xef, 0x7f, 0x00, 0xc6, 0x00, 0x40,
    0xfe, 0xc3, 0xe0, 0x7f, 0xff, 0xc3, 0xe0, 0x3f, 0x03, 0xc0, 0x20, 0x00,
    0x03, 0xfc, 0xe0, 0x7f, 0x00, 0x00, 0x00, 0x00, 0x00, 0x00, 0x00, 0x00,
    0x00, 0x00, 0x00, 0x00, 0x00, 0x00, 0x00, 0x00, 0x00, 0x00, 0x00, 0x00,
    0x00, 0x00, 0x00, 0x00, 0x00, 0x00, 0x00, 0x00, 0x00, 0x00, 0x00, 0x00,
    0x00, 0x00, 0x00, 0x00, 0xff, 0xff, 0xff, 0xff, 0xff, 0xff, 0xff, 0xff,
    0x00, 0x00, 0x00, 0x00, 0x00, 0x00, 0x00, 0x00,
};
static const uint8_t icon_ps2_frame2[] PROGMEM = {
    0xff, 0xff, 0xff, 0xff, 0x00, 0x00, 0x00, 0x00, 0x00, 0x00, 0x00, 0x00,
    0x00, 0x00, 0x00, 0x00, 0x00, 0x00, 0x00, 0x00, 0x00, 0x00, 0x00, 0x00,
    0x00, 0x00, 0x00, 0x00, 0x00, 0x00, 0x00, 0x00, 0x00, 0x00, 0x00, 0x00,
    0x00, 0x00, 0x00, 0x00, 0x00, 0x00, 0x00, 0x00, 0x00, 0x00, 0x00, 0x00,
    0xfe, 0x83, 0xef, 0x7f, 0xfe, 0xc3, 0xef, 0x7f, 0x00, 0xc6, 0x00, 0x40,
    0xfe, 0xc3, 0xe0, 0x7f, 0xff, 0xc3, 0xe0, 0x3f, 0x03, 0xc0, 0x20, 0x00,
    0x03, 0xfc, 0xe0, 0x7f, 0x00, 0x00, 0x00, 0x00, 0x00, 0x00, 0x00, 0x00,
    0x00, 0x00, 0x00, 0x00, 0x00, 0x00, 0x00, 0x00, 0x00, 0x00, 0x00, 0x00,
    0x00, 0x00, 0x00, 0x00, 0x00, 0x00, 0x00, 0x00, 0x00, 0x00, 0x00, 0x00,
    0x00, 0x00, 0x00, 0x00, 0xff, 0xff, 0xff, 0xff, 0xff, 0xff, 0xff, 0xff,
    0x00, 0x00, 0x00, 0x00, 0x00, 0x00, 0x00, 0x00,
};
static const uint8_t icon_ps2_frame3[] PROGMEM = {
    0x00, 0x00, 0x00, 0x00, 0x00, 0x00, 0x00, 0x00, 0x00, 0x00, 0x00, 0x00,
    0xff, 0xff, 0xff, 0xff, 0xff, 0xff, 0xff, 0xff, 0x00, 0x00, 0x00, 0x00,
    0x00, 0x00, 0x00, 0x00, 0x00, 0x00, 0x00, 0x00, 0x00, 0x00, 0x00, 0x00,
    0x00, 0x00, 0x00, 0x00, 0x00, 0x00, 0x00, 0x00, 0x00, 0x00, 0x00, 0x00,
    0x00, 0x00, 0x00, 0x00, 0x00, 0x00, 0x00, 0x00, 0x00, 0x00, 0x00, 0x00,
    0x00, 0x00, 0x00, 0x00, 0xfe, 0x83, 0xef, 0x7f, 0xfe, 0xc3, 0xef, 0x7f,
    0x00, 0xc6, 0x00, 0x40, 0xfe, 0xc3, 0xe0, 0x7f, 0xff, 0xc3, 0xe0, 0x3f,
    0x03, 0xc0, 0x20, 0x00, 0x03, 0xfc, 0xe0, 0x7f, 0x00, 0x00, 0x00, 0x00,
    0x00, 0x00, 0x00, 0x00, 0x00, 0x00, 0x00, 0x00, 0x00, 0x00, 0x00, 0x00,
    0x00, 0x00, 0x00, 0x00, 0x00, 0x00, 0x00, 0x00, 0x00, 0x00, 0x00, 0x00,
    0x00, 0x00, 0x00, 0x00, 0x00, 0x00, 0x00, 0x00,
};
static const uint8_t *const icon_ps2_frames[] = {icon_ps2_frame0, icon_ps2_frame1, icon_ps2_frame2, icon_ps2_frame3};

static const uint8_t icon_sony_playstation_3_frame0[] PROGMEM = {
    0x00, 0x00, 0x00, 0x00, 0x00, 0x00, 0x00, 0x00, 0x00, 0x00, 0x00, 0x00,
    0x00, 0x00, 0x00, 0x00, 0x00, 0x00, 0x00, 0x00, 0x00, 0x00, 0x00, 0x00,
    0x00, 0x00, 0x00, 0x00, 0xf0, 0x07, 0xe0, 0x0f, 0xfc, 0x1f, 0xf8, 0x3f,
    0xdc, 0x19, 0x98, 0x3b, 0x1e, 0xf4, 0x3f, 0x78, 0x16, 0xf0, 0x0f, 0x68,
    0x0f, 0xf8, 0x1f, 0xf0, 0x03, 0x00, 0x00, 0xc0, 0x87, 0x00, 0x00, 0xe0,
    0x35, 0x00, 0x00, 0xa0, 0x05, 0x80, 0x01, 0xa0, 0x85, 0x40, 0x02, 0xa0,
    0x95, 0x40, 0x02, 0xb8, 0x27, 0xa0, 0xe3, 0xf7, 0xc3, 0x3f, 0xfc, 0xf3,
    0xc2, 0x3f, 0xbc, 0x61, 0xc2, 0x43, 0xc2, 0x40, 0xc2, 0xe7, 0xef, 0x40,
    0x83, 0xe3, 0xc7, 0x80, 0x81, 0xfe, 0x7f, 0x81, 0x80, 0x07, 0xe0, 0x01,
    0xc3, 0x03, 0xc0, 0xc3, 0xd9, 0x03, 0xc0, 0x9b, 0xff, 0x01, 0x80, 0xff,
    0x7e, 0x00, 0x00, 0x7e, 0x00, 0x00, 0x00, 0x00,
};
static const uint8_t icon_sony_playstation_3_frame1[] PROGMEM = {
    0x00, 0x00, 0x00, 0x00, 0x00, 0x00, 0x00, 0x00, 0x00, 0x00, 0x00, 0x00,
    0xf0, 0x07, 0xe0, 0x0f, 0xfc, 0x1f, 0xf8, 0x3f, 0xdc, 0x19, 0x98, 0x3b,
    0x1e, 0xf4, 0x3f, 0x78, 0x16, 0xf0, 0x0f, 0x68, 0x0f, 0xf8, 0x1f, 0xf0,
    0x03, 0x00, 0x00, 0xc0, 0x87, 0x00, 0x00, 0xe0, 0x35, 0x00, 0x00, 0xa0,
    0x05, 0x80, 0x01, 0xa0, 0x85, 0x40, 0x02, 0xa0, 0x95, 0x40, 0x02, 0xb8,
    0x27, 0xa0, 0xe3, 0xf7, 0xc3, 0x3f, 0xfc, 0xf3, 0xc2, 0x3f, 0xbc, 0x61,
    0xc2, 0x43, 0xc2, 0x40, 0xc2, 0xe7, 0xef, 0x40, 0x83, 0xe3, 0xc7, 0x80,
    0x81, 0xfe, 0x7f, 0x81, 0x80, 0x07, 0xe0, 0x01, 0xc3, 0x03, 0xc0, 0xc3,
    0xd9, 0x03, 0xc0, 0x9b, 0xff, 0x01, 0x80, 0xff, 0x7e, 0x00, 0x00, 0x7e,
    0x00, 0x00, 0x00, 0x00, 0x00, 0x00, 0x00, 0x00, 0x00, 0x00, 0x00, 0x00,
    0x00, 0x00, 0x00, 0x00, 0x00, 0x00, 0x00, 0x00,
};
static const uint8_t icon_sony_playstation_3_frame2[] PROGMEM = {
    0x00, 0x00, 0x00, 0x00, 0x00, 0x00, 0x00, 0x00, 0x00, 0x00, 0x00, 0x00,
    0xf0, 0x07, 0xe0, 0x0f, 0xfc, 0x1f, 0xf8, 0x3f, 0xdc, 0x19, 0x98, 0x3b,
    0x1e, 0xf4, 0x3f, 0x78, 0x16, 0xf0, 0x0f, 0x68, 0x0f, 0xf8, 0x1f, 0xf0,
    0x03, 0x00, 0x00, 0xc0, 0x87, 0x00, 0x00, 0xe0, 0x35, 0x00, 0x00, 0xa0,
    0x05, 0x80, 0x01, 0xa0, 0x85, 0x40, 0x02, 0xa0, 0x95, 0x40, 0x02, 0xb8,
    0x27, 0xa0, 0xe3, 0xf7, 0xc3, 0x3f, 0xfc, 0xf3, 0xc2, 0x3f, 0xbc, 0x61,
    0xc2, 0x43, 0xc2, 0x40, 0xc2, 0xe7, 0xef, 0x40, 0x83, 0xe3, 0xc7, 0x80,
    0x81, 0xfe, 0x7f, 0x81, 0x80, 0x07, 0xe0, 0x01, 0xc3, 0x03, 0xc0, 0xc3,
    0xd9, 0x03, 0xc0, 0x9b, 0xff, 0x01, 0x80, 0xff, 0x7e, 0x00, 0x00, 0x7e,
    0x00, 0x00, 0x00, 0x00, 0x00, 0x00, 0x00, 0x00, 0x00, 0x00, 0x00, 0x00,
    0x00, 0x00, 0x00, 0x00, 0x00, 0x00, 0x00, 0x00,
};
static const uint8_t icon_sony_playstation_3_frame3[] PROGMEM = {
    0x00, 0x00, 0x00, 0x00, 0x00, 0x00, 0x00, 0x00, 0x00, 0x00, 0x00, 0x00,
    0x00, 0x00, 0x00, 0x00, 0x00, 0x00, 0x00, 0x00, 0x00, 0x00, 0x00, 0x00,
    0x00, 0x00, 0x00, 0x00, 0xf0, 0x07, 0xe0, 0x0f, 0xfc, 0x1f, 0xf8, 0x3f,
    0xdc, 0x19, 0x98, 0x3b, 0x1e, 0xf4, 0x3f, 0x78, 0x16, 0xf0, 0x0f, 0x68,
    0x0f, 0xf8, 0x1f, 0xf0, 0x03, 0x00, 0x00, 0xc0, 0x87, 0x00, 0x00, 0xe0,
    0x35, 0x00, 0x00, 0xa0, 0x05, 0x80, 0x01, 0xa0, 0x85, 0x40, 0x02, 0xa0,
    0x95, 0x40, 0x02, 0xb8, 0x27, 0xa0, 0xe3, 0xf7, 0xc3, 0x3f, 0xfc, 0xf3,
    0xc2, 0x3f, 0xbc, 0x61, 0xc2, 0x43, 0xc2, 0x40, 0xc2, 0xe7, 0xef, 0x40,
    0x83, 0xe3, 0xc7, 0x80, 0x81, 0xfe, 0x7f, 0x81, 0x80, 0x07, 0xe0, 0x01,
    0xc3, 0x03, 0xc0, 0xc3, 0xd9, 0x03, 0xc0, 0x9b, 0xff, 0x01, 0x80, 0xff,
    0x7e, 0x00, 0x00, 0x7e, 0x00, 0x00, 0x00, 0x00,
};
static const uint8_t *const icon_sony_playstation_3_frames[] = {icon_sony_playstation_3_frame0, icon_sony_playstation_3_frame1, icon_sony_playstation_3_frame2, icon_sony_playstation_3_frame3};

static const uint8_t icon_sony_playstation_portable_frame0[] PROGMEM = {
    0x00, 0x00, 0x00, 0x00, 0x00, 0x00, 0x00, 0x00, 0x00, 0x00, 0x00, 0x00,
    0x00, 0x00, 0x00, 0x00, 0x00, 0x00, 0x00, 0x00, 0x00, 0x00, 0x00, 0x00,
    0x00, 0x00, 0x00, 0x00, 0x00, 0x00, 0x00, 0x00, 0x00, 0x00, 0x00, 0x00,
    0xfc, 0xff, 0xff, 0x3f, 0xff, 0xff, 0xff, 0xff, 0xc7, 0xff, 0xff, 0xe3,
    0x07, 0x00, 0x00, 0xe0, 0x41, 0x00, 0x00, 0xa1, 0x43, 0x00, 0x00, 0xfa,
    0x42, 0x00, 0x00, 0x7e, 0x70, 0x00, 0x00, 0x76, 0x71, 0x00, 0x00, 0xde,
    0x6d, 0x00, 0x00, 0xde, 0x79, 0x00, 0x00, 0xf6, 0x7d, 0x00, 0x00, 0xfe,
    0x70, 0x00, 0x00, 0x0e, 0x50, 0x00, 0x00, 0x4e, 0x73, 0x3f, 0xb0, 0xc6,
    0x41, 0x3f, 0xbc, 0x83, 0x0b, 0x00, 0x00, 0xdc, 0xcf, 0xff, 0xff, 0xfb,
    0xfe, 0xff, 0xff, 0x7f, 0xf0, 0xff, 0xff, 0x0f, 0x00, 0x00, 0x00, 0x00,
    0x00, 0x00, 0x00, 0x00, 0x00, 0x00, 0x00, 0x00,
};
static const uint8_t icon_sony_playstation_portable_frame1[] PROGMEM = {
    0x00, 0x00, 0x00, 0x00, 0x00, 0x00, 0x00, 0x00, 0x00, 0x00, 0x00, 0x00,
    0x00, 0x00, 0x00, 0x00, 0x00, 0x00, 0x00, 0x00, 0xfc, 0xff, 0xff, 0x3f,
    0xff, 0xff, 0xff, 0xff, 0xc7, 0xff, 0xff, 0xe3, 0x07, 0x00, 0x00, 0xe0,
    0x41, 0x00, 0x00, 0xa1, 0x43, 0x00, 0x00, 0xfa, 0x42, 0x00, 0x00, 0x7e,
    0x70, 0x00, 0x00, 0x76, 0x71, 0x00, 0x00, 0xde, 0x6d, 0x00, 0x00, 0xde,
    0x79, 0x00, 0x00, 0xf6, 0x7d, 0x00, 0x00, 0xfe, 0x70, 0x00, 0x00, 0x0e,
    0x50, 0x00, 0x00, 0x4e, 0x73, 0x3f, 0xb0, 0xc6, 0x41, 0x3f, 0xbc, 0x83,
    0x0b, 0x00, 0x00, 0xdc, 0xcf, 0xff, 0xff, 0xfb, 0xfe, 0xff, 0xff, 0x7f,
    0xf0, 0xff, 0xff, 0x0f, 0x00, 0x00, 0x00, 0x00, 0x00, 0x00, 0x00, 0x00,
    0x00, 0x00, 0x00, 0x00, 0x00, 0x00, 0x00, 0x00, 0x00, 0x00, 0x00, 0x00,
    0x00, 0x00, 0x00, 0x00, 0x00, 0x00, 0x00, 0x00,
};
static const uint8_t icon_sony_playstation_portable_frame2[] PROGMEM = {
    0x00, 0x00, 0x00, 0x00, 0x00, 0x00, 0x00, 0x00, 0x00, 0x00, 0x00, 0x00,
    0x00, 0x00, 0x00, 0x00, 0x00, 0x00, 0x00, 0x00, 0xfc, 0xff, 0xff, 0x3f,
    0xff, 0xff, 0xff, 0xff, 0xc7, 0xff, 0xff, 0xe3, 0x07, 0x00, 0x00, 0xe0,
    0x41, 0x00, 0x00, 0xa1, 0x43, 0x00, 0x00, 0xfa, 0x42, 0x00, 0x00, 0x7e,
    0x70, 0x00, 0x00, 0x76, 0x71, 0x00, 0x00, 0xde, 0x6d, 0x00, 0x00, 0xde,
    0x79, 0x00, 0x00, 0xf6, 0x7d, 0x00, 0x00, 0xfe, 0x70, 0x00, 0x00, 0x0e,
    0x50, 0x00, 0x00, 0x4e, 0x73, 0x3f, 0xb0, 0xc6, 0x41, 0x3f, 0xbc, 0x83,
    0x0b, 0x00, 0x00, 0xdc, 0xcf, 0xff, 0xff, 0xfb, 0xfe, 0xff, 0xff, 0x7f,
    0xf0, 0xff, 0xff, 0x0f, 0x00, 0x00, 0x00, 0x00, 0x00, 0x00, 0x00, 0x00,
    0x00, 0x00, 0x00, 0x00, 0x00, 0x00, 0x00, 0x00, 0x00, 0x00, 0x00, 0x00,
    0x00, 0x00, 0x00, 0x00, 0x00, 0x00, 0x00, 0x00,
};
static const uint8_t icon_sony_playstation_portable_frame3[] PROGMEM = {
    0x00, 0x00, 0x00, 0x00, 0x00, 0x00, 0x00, 0x00, 0x00, 0x00, 0x00, 0x00,
    0x00, 0x00, 0x00, 0x00, 0x00, 0x00, 0x00, 0x00, 0x00, 0x00, 0x00, 0x00,
    0x00, 0x00, 0x00, 0x00, 0x00, 0x00, 0x00, 0x00, 0x00, 0x00, 0x00, 0x00,
    0xfc, 0xff, 0xff, 0x3f, 0xff, 0xff, 0xff, 0xff, 0xc7, 0xff, 0xff, 0xe3,
    0x07, 0x00, 0x00, 0xe0, 0x41, 0x00, 0x00, 0xa1, 0x43, 0x00, 0x00, 0xfa,
    0x42, 0x00, 0x00, 0x7e, 0x70, 0x00, 0x00, 0x76, 0x71, 0x00, 0x00, 0xde,
    0x6d, 0x00, 0x00, 0xde, 0x79, 0x00, 0x00, 0xf6, 0x7d, 0x00, 0x00, 0xfe,
    0x70, 0x00, 0x00, 0x0e, 0x50, 0x00, 0x00, 0x4e, 0x73, 0x3f, 0xb0, 0xc6,
    0x41, 0x3f, 0xbc, 0x83, 0x0b, 0x00, 0x00, 0xdc, 0xcf, 0xff, 0xff, 0xfb,
    0xfe, 0xff, 0xff, 0x7f, 0xf0, 0xff, 0xff, 0x0f, 0x00, 0x00, 0x00, 0x00,
    0x00, 0x00, 0x00, 0x00, 0x00, 0x00, 0x00, 0x00,
};
static const uint8_t *const icon_sony_playstation_portable_frames[] = {icon_sony_playstation_portable_frame0, icon_sony_playstation_portable_frame1, icon_sony_playstation_portable_frame2, icon_sony_playstation_portable_frame3};

static const uint8_t icon_microsoft_xbox_frame0[] PROGMEM = {
    0x00, 0x00, 0x00, 0x00, 0x00, 0x00, 0x00, 0x00, 0x00, 0x00, 0x00, 0x00,
    0x00, 0x00, 0x00, 0x00, 0x00, 0x00, 0x00, 0x00, 0xf0, 0xff, 0xff, 0x0f,
    0x38, 0xf8, 0x1f, 0x1c, 0x5c, 0xff, 0xff, 0x3a, 0x2e, 0x00, 0x00, 0x74,
    0x17, 0x00, 0x00, 0xe8, 0x0f, 0x00, 0x00, 0xf0, 0x87, 0x00, 0x00, 0xe0,
    0x07, 0x00, 0x00, 0xe0, 0x95, 0x00, 0x00, 0xa0, 0xe3, 0x00, 0x00, 0xc0,
    0x02, 0x00, 0x00, 0x40, 0x02, 0x00, 0x00, 0x40, 0x02, 0x00, 0x00, 0x40,
    0x03, 0x00, 0x00, 0xc0, 0x03, 0x00, 0x00, 0xc0, 0x0b, 0xc8, 0x23, 0xc0,
    0x4f, 0x0c, 0x30, 0xc0, 0x9f, 0x96, 0x28, 0xe8, 0x1f, 0xf0, 0x0e, 0xf4,
    0x3f, 0xa8, 0x17, 0xfc, 0x7e, 0x00, 0xc0, 0x7e, 0x3e, 0x1f, 0xf8, 0x7c,
    0xbe, 0xfb, 0xdf, 0x7d, 0x1f, 0x1f, 0xf8, 0xf8, 0xcd, 0xff, 0xff, 0xbb,
    0xff, 0x01, 0x80, 0xff, 0xe7, 0x01, 0x80, 0xe7,
};
static const uint8_t icon_microsoft_xbox_frame1[] PROGMEM = {
    0x00, 0x00, 0x00, 0x00, 0xf0, 0xff, 0xff, 0x0f, 0x38, 0xf8, 0x1f, 0x1c,
    0x5c, 0xff, 0xff, 0x3a, 0x2e, 0x00, 0x00, 0x74, 0x17, 0x00, 0x00, 0xe8,
    0x0f, 0x00, 0x00, 0xf0, 0x87, 0x00, 0x00, 0xe0, 0x07, 0x00, 0x00, 0xe0,
    0x95, 0x00, 0x00, 0xa0, 0xe3, 0x00, 0x00, 0xc0, 0x02, 0x00, 0x00, 0x40,
    0x02, 0x00, 0x00, 0x40, 0x02, 0x00, 0x00, 0x40, 0x03, 0x00, 0x00, 0xc0,
    0x03, 0x00, 0x00, 0xc0, 0x0b, 0xc8, 0x23, 0xc0, 0x4f, 0x0c, 0x30, 0xc0,
    0x9f, 0x96, 0x28, 0xe8, 0x1f, 0xf0, 0x0e, 0xf4, 0x3f, 0xa8, 0x17, 0xfc,
    0x7e, 0x00, 0xc0, 0x7e, 0x3e, 0x1f, 0xf8, 0x7c, 0xbe, 0xfb, 0xdf, 0x7d,
    0x1f, 0x1f, 0xf8, 0xf8, 0xcd, 0xff, 0xff, 0xbb, 0xff, 0x01, 0x80, 0xff,
    0xe7, 0x01, 0x80, 0xe7, 0xff, 0x00, 0x00, 0xff, 0x00, 0x00, 0x00, 0x00,
    0x00, 0x00, 0x00, 0x00, 0x00, 0x00, 0x00, 0x00,
};
static const uint8_t icon_microsoft_xbox_frame2[] PROGMEM = {
    0x00, 0x00, 0x00, 0x00, 0xf0, 0xff, 0xff, 0x0f, 0x38, 0xf8, 0x1f, 0x1c,
    0x5c, 0xff, 0xff, 0x3a, 0x2e, 0x00, 0x00, 0x74, 0x17, 0x00, 0x00, 0xe8,
    0x0f, 0x00, 0x00, 0xf0, 0x87, 0x00, 0x00, 0xe0, 0x07, 0x00, 0x00, 0xe0,
    0x95, 0x00, 0x00, 0xa0, 0xe3, 0x00, 0x00, 0xc0, 0x02, 0x00, 0x00, 0x40,
    0x02, 0x00, 0x00, 0x40, 0x02, 0x00, 0x00, 0x40, 0x03, 0x00, 0x00, 0xc0,
    0x03, 0x00, 0x00, 0xc0, 0x0b, 0xc8, 0x23, 0xc0, 0x4f, 0x0c, 0x30, 0xc0,
    0x9f, 0x96, 0x28, 0xe8, 0x1f, 0xf0, 0x0e, 0xf4, 0x3f, 0xa8, 0x17, 0xfc,
    0x7e, 0x00, 0xc0, 0x7e, 0x3e, 0x1f, 0xf8, 0x7c, 0xbe, 0xfb, 0xdf, 0x7d,
    0x1f, 0x1f, 0xf8, 0xf8, 0xcd, 0xff, 0xff, 0xbb, 0xff, 0x01, 0x80, 0xff,
    0xe7, 0x01, 0x80, 0xe7, 0xff, 0x00, 0x00, 0xff, 0x00, 0x00, 0x00, 0x00,
    0x00, 0x00, 0x00, 0x00, 0x00, 0x00, 0x00, 0x00,
};
static const uint8_t icon_microsoft_xbox_frame3[] PROGMEM = {
    0x00, 0x00, 0x00, 0x00, 0x00, 0x00, 0x00, 0x00, 0x00, 0x00, 0x00, 0x00,
    0x00, 0x00, 0x00, 0x00, 0x00, 0x00, 0x00, 0x00, 0xf0, 0xff, 0xff, 0x0f,
    0x38, 0xf8, 0x1f, 0x1c, 0x5c, 0xff, 0xff, 0x3a, 0x2e, 0x00, 0x00, 0x74,
    0x17, 0x00, 0x00, 0xe8, 0x0f, 0x00, 0x00, 0xf0, 0x87, 0x00, 0x00, 0xe0,
    0x07, 0x00, 0x00, 0xe0, 0x95, 0x00, 0x00, 0xa0, 0xe3, 0x00, 0x00, 0xc0,
    0x02, 0x00, 0x00, 0x40, 0x02, 0x00, 0x00, 0x40, 0x02, 0x00, 0x00, 0x40,
    0x03, 0x00, 0x00, 0xc0, 0x03, 0x00, 0x00, 0xc0, 0x0b, 0xc8, 0x23, 0xc0,
    0x4f, 0x0c, 0x30, 0xc0, 0x9f, 0x96, 0x28, 0xe8, 0x1f, 0xf0, 0x0e, 0xf4,
    0x3f, 0xa8, 0x17, 0xfc, 0x7e, 0x00, 0xc0, 0x7e, 0x3e, 0x1f, 0xf8, 0x7c,
    0xbe, 0xfb, 0xdf, 0x7d, 0x1f, 0x1f, 0xf8, 0xf8, 0xcd, 0xff, 0xff, 0xbb,
    0xff, 0x01, 0x80, 0xff, 0xe7, 0x01, 0x80, 0xe7,
};
static const uint8_t *const icon_microsoft_xbox_frames[] = {icon_microsoft_xbox_frame0, icon_microsoft_xbox_frame1, icon_microsoft_xbox_frame2, icon_microsoft_xbox_frame3};

static const uint8_t icon_xbox_frame0[] PROGMEM = {
    0x00, 0x00, 0x00, 0x00, 0xff, 0xff, 0xff, 0xff, 0xff, 0xff, 0xff, 0xff,
    0xff, 0xff, 0xff, 0xff, 0xff, 0xff, 0xff, 0xff, 0xff, 0xff, 0xff, 0xff,
    0xcf, 0xff, 0xff, 0xf7, 0x9f, 0xff, 0xff, 0xf9, 0x3f, 0x0e, 0xe0, 0xf8,
    0x3f, 0x04, 0x20, 0xfc, 0x7f, 0x00, 0x00, 0xfe, 0xff, 0x00, 0x00, 0xfc,
    0xff, 0x01, 0x00, 0xfc, 0xff, 0x03, 0x00, 0xf8, 0xff, 0x07, 0x00, 0xf8,
    0xff, 0x0f, 0x00, 0xf8, 0xff, 0x07, 0x10, 0xf0, 0xff, 0x07, 0x20, 0xf0,
    0xff, 0x03, 0x00, 0xf0, 0xff, 0x81, 0x01, 0xf0, 0xff, 0xc1, 0x03, 0xf8,
    0xff, 0xe0, 0x07, 0xf8, 0x7f, 0xf0, 0x1f, 0xf8, 0x3f, 0xf8, 0x3f, 0xfc,
    0x3f, 0xfe, 0x7f, 0xf8, 0x1f, 0xff, 0xff, 0xf0, 0x8f, 0xff, 0xff, 0xe3,
    0xe7, 0xff, 0xff, 0xe7, 0xf3, 0xff, 0xff, 0xdf, 0xff, 0xff, 0xff, 0xff,
    0xff, 0xff, 0xff, 0xff, 0xff, 0xff, 0xff, 0xff,
};
static const uint8_t icon_xbox_frame1[] PROGMEM = {
    0xff, 0xff, 0xff, 0xff, 0xff, 0xff, 0xff, 0xff, 0xcf, 0xff, 0xff, 0xf7,
    0x9f, 0xff, 0xff, 0xf9, 0x3f, 0x0e, 0xe0, 0xf8, 0x3f, 0x04, 0x20, 0xfc,
    0x7f, 0x00, 0x00, 0xfe, 0xff, 0x00, 0x00, 0xfc, 0xff, 0x01, 0x00, 0xfc,
    0xff, 0x03, 0x00, 0xf8, 0xff, 0x07, 0x00, 0xf8, 0xff, 0x0f, 0x00, 0xf8,
    0xff, 0x07, 0x10, 0xf0, 0xff, 0x07, 0x20, 0xf0, 0xff, 0x03, 0x00, 0xf0,
    0xff, 0x81, 0x01, 0xf0, 0xff, 0xc1, 0x03, 0xf8, 0xff, 0xe0, 0x07, 0xf8,
    0x7f, 0xf0, 0x1f, 0xf8, 0x3f, 0xf8, 0x3f, 0xfc, 0x3f, 0xfe, 0x7f, 0xf8,
    0x1f, 0xff, 0xff, 0xf0, 0x8f, 0xff, 0xff, 0xe3, 0xe7, 0xff, 0xff, 0xe7,
    0xf3, 0xff, 0xff, 0xdf, 0xff, 0xff, 0xff, 0xff, 0xff, 0xff, 0xff, 0xff,
    0xff, 0xff, 0xff, 0xff, 0xff, 0xff, 0xff, 0xff, 0xff, 0xff, 0xff, 0xff,
    0xff, 0xff, 0xff, 0xff, 0xff, 0xff, 0xff, 0xff,
};
static const uint8_t icon_xbox_frame2[] PROGMEM = {
    0xff, 0xff, 0xff, 0xff, 0xff, 0xff, 0xff, 0xff, 0xcf, 0xff, 0xff, 0xf7,
    0x9f, 0xff, 0xff, 0xf9, 0x3f, 0x0e, 0xe0, 0xf8, 0x3f, 0x04, 0x20, 0xfc,
    0x7f, 0x00, 0x00, 0xfe, 0xff, 0x00, 0x00, 0xfc, 0xff, 0x01, 0x00, 0xfc,
    0xff, 0x03, 0x00, 0xf8, 0xff, 0x07, 0x00, 0xf8, 0xff, 0x0f, 0x00, 0xf8,
    0xff, 0x07, 0x10, 0xf0, 0xff, 0x07, 0x20, 0xf0, 0xff, 0x03, 0x00, 0xf0,
    0xff, 0x81, 0x01, 0xf0, 0xff, 0xc1, 0x03, 0xf8, 0xff, 0xe0, 0x07, 0xf8,
    0x7f, 0xf0, 0x1f, 0xf8, 0x3f, 0xf8, 0x3f, 0xfc, 0x3f, 0xfe, 0x7f, 0xf8,
    0x1f, 0xff, 0xff, 0xf0, 0x8f, 0xff, 0xff, 0xe3, 0xe7, 0xff, 0xff, 0xe7,
    0xf3, 0xff, 0xff, 0xdf, 0xff, 0xff, 0xff, 0xff, 0xff, 0xff, 0xff, 0xff,
    0xff, 0xff, 0xff, 0xff, 0xff, 0xff, 0xff, 0xff, 0xff, 0xff, 0xff, 0xff,
    0xff, 0xff, 0xff, 0xff, 0xff, 0xff, 0xff, 0xff,
};
static const uint8_t icon_xbox_frame3[] PROGMEM = {
    0x00, 0x00, 0x00, 0x00, 0xff, 0xff, 0xff, 0xff, 0xff, 0xff, 0xff, 0xff,
    0xff, 0xff, 0xff, 0xff, 0xff, 0xff, 0xff, 0xff, 0xff, 0xff, 0xff, 0xff,
    0xcf, 0xff, 0xff, 0xf7, 0x9f, 0xff, 0xff, 0xf9, 0x3f, 0x0e, 0xe0, 0xf8,
    0x3f, 0x04, 0x20, 0xfc, 0x7f, 0x00, 0x00, 0xfe, 0xff, 0x00, 0x00, 0xfc,
    0xff, 0x01, 0x00, 0xfc, 0xff, 0x03, 0x00, 0xf8, 0xff, 0x07, 0x00, 0xf8,
    0xff, 0x0f, 0x00, 0xf8, 0xff, 0x07, 0x10, 0xf0, 0xff, 0x07, 0x20, 0xf0,
    0xff, 0x03, 0x00, 0xf0, 0xff, 0x81, 0x01, 0xf0, 0xff, 0xc1, 0x03, 0xf8,
    0xff, 0xe0, 0x07, 0xf8, 0x7f, 0xf0, 0x1f, 0xf8, 0x3f, 0xf8, 0x3f, 0xfc,
    0x3f, 0xfe, 0x7f, 0xf8, 0x1f, 0xff, 0xff, 0xf0, 0x8f, 0xff, 0xff, 0xe3,
    0xe7, 0xff, 0xff, 0xe7, 0xf3, 0xff, 0xff, 0xdf, 0xff, 0xff, 0xff, 0xff,
    0xff, 0xff, 0xff, 0xff, 0xff, 0xff, 0xff, 0xff,
};
static const uint8_t *const icon_xbox_frames[] = {icon_xbox_frame0, icon_xbox_frame1, icon_xbox_frame2, icon_xbox_frame3};

static const uint8_t icon_xbox_360_frame0[] PROGMEM = {
    0x00, 0x00, 0x00, 0x00, 0x00, 0x00, 0x00, 0x00, 0x00, 0x00, 0x00, 0x00,
    0x00, 0x00, 0x00, 0x00, 0x00, 0x00, 0x00, 0x00, 0x00, 0x00, 0x00, 0x00,
    0xf0, 0x0f, 0xf0, 0x0f, 0xfc, 0x3f, 0xfc, 0x3f, 0xfe, 0xff, 0xff, 0x7f,
    0x3e, 0xfc, 0x3f, 0x7c, 0x1f, 0xf0, 0x0f, 0xf8, 0x0f, 0x00, 0x00, 0xf0,
    0x07, 0x00, 0x00, 0xe0, 0xe7, 0x01, 0x00, 0xec, 0xe7, 0x01, 0xc2, 0xec,
    0xe3, 0x01, 0x00, 0xc0, 0x03, 0x00, 0x00, 0xc3, 0x03, 0x18, 0x00, 0xc2,
    0x03, 0x3e, 0x18, 0xc0, 0x03, 0x3e, 0x3c, 0xc0, 0x03, 0x3e, 0x3c, 0x80,
    0x01, 0x3e, 0x18, 0x80, 0x01, 0x00, 0x00, 0x80, 0x01, 0x00, 0x00, 0x80,
    0x01, 0xf8, 0x1f, 0x80, 0x01, 0xfe, 0x7f, 0x80, 0x03, 0xff, 0xff, 0x80,
    0x83, 0x7f, 0xfe, 0xc1, 0xe7, 0x0f, 0xf0, 0xc7, 0xff, 0x07, 0xe0, 0xff,
    0xff, 0x01, 0x80, 0xff, 0x7f, 0x00, 0x00, 0xfe,
};
static const uint8_t icon_xbox_360_frame1[] PROGMEM = {
    0x00, 0x00, 0x00, 0x00, 0x00, 0x00, 0x00, 0x00, 0xf0, 0x0f, 0xf0, 0x0f,
    0xfc, 0x3f, 0xfc, 0x3f, 0xfe, 0xff, 0xff, 0x7f, 0x3e, 0xfc, 0x3f, 0x7c,
    0x1f, 0xf0, 0x0f, 0xf8, 0x0f, 0x00, 0x00, 0xf0, 0x07, 0x00, 0x00, 0xe0,
    0xe7, 0x01, 0x00, 0xec, 0xe7, 0x01, 0xc2, 0xec, 0xe3, 0x01, 0x00, 0xc0,
    0x03, 0x00, 0x00, 0xc3, 0x03, 0x18, 0x00, 0xc2, 0x03, 0x3e, 0x18, 0xc0,
    0x03, 0x3e, 0x3c, 0xc0, 0x03, 0x3e, 0x3c, 0x80, 0x01, 0x3e, 0x18, 0x80,
    0x01, 0x00, 0x00, 0x80, 0x01, 0x00, 0x00, 0x80, 0x01, 0xf8, 0x1f, 0x80,
    0x01, 0xfe, 0x7f, 0x80, 0x03, 0xff, 0xff, 0x80, 0x83, 0x7f, 0xfe, 0xc1,
    0xe7, 0x0f, 0xf0, 0xc7, 0xff, 0x07, 0xe0, 0xff, 0xff, 0x01, 0x80, 0xff,
    0x7f, 0x00, 0x00, 0xfe, 0x00, 0x00, 0x00, 0x00, 0x00, 0x00, 0x00, 0x00,
    0x00, 0x00, 0x00, 0x00, 0x00, 0x00, 0x00, 0x00,
};
static const uint8_t icon_xbox_360_frame2[] PROGMEM = {
    0x00, 0x00, 0x00, 0x00, 0x00, 0x00, 0x00, 0x00, 0xf0, 0x0f, 0xf0, 0x0f,
    0xfc, 0x3f, 0xfc, 0x3f, 0xfe, 0xff, 0xff, 0x7f, 0x3e, 0xfc, 0x3f, 0x7c,
    0x1f, 0xf0, 0x0f, 0xf8, 0x0f, 0x00, 0x00, 0xf0, 0x07, 0x00, 0x00, 0xe0,
    0xe7, 0x01, 0x00, 0xec, 0xe7, 0x01, 0xc2, 0xec, 0xe3, 0x01, 0x00, 0xc0,
    0x03, 0x00, 0x00, 0xc3, 0x03, 0x18, 0x00, 0xc2, 0x03, 0x3e, 0x18, 0xc0,
    0x03, 0x3e, 0x3c, 0xc0, 0x03, 0x3e, 0x3c, 0x80, 0x01, 0x3e, 0x18, 0x80,
    0x01, 0x00, 0x00, 0x80, 0x01, 0x00, 0x00, 0x80, 0x01, 0xf8, 0x1f, 0x80,
    0x01, 0xfe, 0x7f, 0x80, 0x03, 0xff, 0xff, 0x80, 0x83, 0x7f, 0xfe, 0xc1,
    0xe7, 0x0f, 0xf0, 0xc7, 0xff, 0x07, 0xe0, 0xff, 0xff, 0x01, 0x80, 0xff,
    0x7f, 0x00, 0x00, 0xfe, 0x00, 0x00, 0x00, 0x00, 0x00, 0x00, 0x00, 0x00,
    0x00, 0x00, 0x00, 0x00, 0x00, 0x00, 0x00, 0x00,
};
static const uint8_t icon_xbox_360_frame3[] PROGMEM = {
    0x00, 0x00, 0x00, 0x00, 0x00, 0x00, 0x00, 0x00, 0x00, 0x00, 0x00, 0x00,
    0x00, 0x00, 0x00, 0x00, 0x00, 0x00, 0x00, 0x00, 0x00, 0x00, 0x00, 0x00,
    0xf0, 0x0f, 0xf0, 0x0f, 0xfc, 0x3f, 0xfc, 0x3f, 0xfe, 0xff, 0xff, 0x7f,
    0x3e, 0xfc, 0x3f, 0x7c, 0x1f, 0xf0, 0x0f, 0xf8, 0x0f, 0x00, 0x00, 0xf0,
    0x07, 0x00, 0x00, 0xe0, 0xe7, 0x01, 0x00, 0xec, 0xe7, 0x01, 0xc2, 0xec,
    0xe3, 0x01, 0x00, 0xc0, 0x03, 0x00, 0x00, 0xc3, 0x03, 0x18, 0x00, 0xc2,
    0x03, 0x3e, 0x18, 0xc0, 0x03, 0x3e, 0x3c, 0xc0, 0x03, 0x3e, 0x3c, 0x80,
    0x01, 0x3e, 0x18, 0x80, 0x01, 0x00, 0x00, 0x80, 0x01, 0x00, 0x00, 0x80,
    0x01, 0xf8, 0x1f, 0x80, 0x01, 0xfe, 0x7f, 0x80, 0x03, 0xff, 0xff, 0x80,
    0x83, 0x7f, 0xfe, 0xc1, 0xe7, 0x0f, 0xf0, 0xc7, 0xff, 0x07, 0xe0, 0xff,
    0xff, 0x01, 0x80, 0xff, 0x7f, 0x00, 0x00, 0xfe,
};
static const uint8_t *const icon_xbox_360_frames[] = {icon_xbox_360_frame0, icon_xbox_360_frame1, icon_xbox_360_frame2, icon_xbox_360_frame3};

static const uint8_t icon_atari_cx40_frame0[] PROGMEM = {
    0x00, 0x00, 0x00, 0x00, 0x00, 0x00, 0x00, 0x00, 0x00, 0x00, 0x00, 0x00,
    0xe0, 0xff, 0xff, 0x07, 0xf8, 0xff, 0xff, 0x1f, 0xfc, 0xff, 0xff, 0x3f,
    0x7c, 0x00, 0x00, 0x3e, 0x1c, 0x80, 0x01, 0x38, 0x1c, 0xc0, 0x01, 0x38,
    0x1c, 0xc0, 0x01, 0x38, 0x1c, 0xc0, 0x03, 0x38, 0x1c, 0x70, 0x07, 0x38,
    0x1c, 0x58, 0x0b, 0x38, 0x1c, 0x48, 0x13, 0x38, 0x1c, 0x64, 0x13, 0x38,
    0x1c, 0xfc, 0x1f, 0x38, 0x1c, 0xfc, 0x1f, 0x38, 0x1c, 0xf8, 0x1f, 0x38,
    0x1c, 0xf8, 0x0f, 0x38, 0x1c, 0xf0, 0x07, 0x38, 0x1c, 0xc0, 0xe1, 0x38,
    0x1c, 0x00, 0xf0, 0x39, 0x1c, 0x00, 0xf0, 0x39, 0x1c, 0x00, 0xf0, 0x39,
    0x1c, 0x00, 0xe0, 0x38, 0x1c, 0x00, 0x00, 0x38, 0x1c, 0x00, 0x00, 0x38,
    0x1c, 0x00, 0x00, 0x38, 0x1c, 0x00, 0x00, 0x38, 0x1c, 0x00, 0x00, 0x38,
    0x1c, 0x00, 0x00, 0x38, 0x3c, 0x00, 0x00, 0x3c,
};
static const uint8_t icon_atari_cx40_frame1[] PROGMEM = {
    0xf8, 0xff, 0xff, 0x1f, 0xfc, 0xff, 0xff, 0x3f, 0x7c, 0x00, 0x00, 0x3e,
    0x1c, 0x80, 0x01, 0x38, 0x1c, 0xc0, 0x01, 0x38, 0x1c, 0xc0, 0x01, 0x38,
    0x1c, 0xc0, 0x03, 0x38, 0x1c, 0x70, 0x07, 0x38, 0x1c, 0x58, 0x0b, 0x38,
    0x1c, 0x48, 0x13, 0x38, 0x1c, 0x64, 0x13, 0x38, 0x1c, 0xfc, 0x1f, 0x38,
    0x1c, 0xfc, 0x1f, 0x38, 0x1c, 0xf8, 0x1f, 0x38, 0x1c, 0xf8, 0x0f, 0x38,
    0x1c, 0xf0, 0x07, 0x38, 0x1c, 0xc0, 0xe1, 0x38, 0x1c, 0x00, 0xf0, 0x39,
    0x1c, 0x00, 0xf0, 0x39, 0x1c, 0x00, 0xf0, 0x39, 0x1c, 0x00, 0xe0, 0x38,
    0x1c, 0x00, 0x00, 0x38, 0x1c, 0x00, 0x00, 0x38, 0x1c, 0x00, 0x00, 0x38,
    0x1c, 0x00, 0x00, 0x38, 0x1c, 0x00, 0x00, 0x38, 0x1c, 0x00, 0x00, 0x38,
    0x3c, 0x00, 0x00, 0x3c, 0xfc, 0xff, 0xff, 0x3f, 0xf8, 0xff, 0xff, 0x1f,
    0xf0, 0xff, 0xff, 0x0f, 0x00, 0x00, 0x00, 0x00,
};
static const uint8_t icon_atari_cx40_frame2[] PROGMEM = {
    0xf8, 0xff, 0xff, 0x1f, 0xfc, 0xff, 0xff, 0x3f, 0x7c, 0x00, 0x00, 0x3e,
    0x1c, 0x80, 0x01, 0x38, 0x1c, 0xc0, 0x01, 0x38, 0x1c, 0xc0, 0x01, 0x38,
    0x1c, 0xc0, 0x03, 0x38, 0x1c, 0x70, 0x07, 0x38, 0x1c, 0x58, 0x0b, 0x38,
    0x1c, 0x48, 0x13, 0x38, 0x1c, 0x64, 0x13, 0x38, 0x1c, 0xfc, 0x1f, 0x38,
    0x1c, 0xfc, 0x1f, 0x38, 0x1c, 0xf8, 0x1f, 0x38, 0x1c, 0xf8, 0x0f, 0x38,
    0x1c, 0xf0, 0x07, 0x38, 0x1c, 0xc0, 0xe1, 0x38, 0x1c, 0x00, 0xf0, 0x39,
    0x1c, 0x00, 0xf0, 0x39, 0x1c, 0x00, 0xf0, 0x39, 0x1c, 0x00, 0xe0, 0x38,
    0x1c, 0x00, 0x00, 0x38, 0x1c, 0x00, 0x00, 0x38, 0x1c, 0x00, 0x00, 0x38,
    0x1c, 0x00, 0x00, 0x38, 0x1c, 0x00, 0x00, 0x38, 0x1c, 0x00, 0x00, 0x38,
    0x3c, 0x00, 0x00, 0x3c, 0xfc, 0xff, 0xff, 0x3f, 0xf8, 0xff, 0xff, 0x1f,
    0xf0, 0xff, 0xff, 0x0f, 0x00, 0x00, 0x00, 0x00,
};
static const uint8_t icon_atari_cx40_frame3[] PROGMEM = {
    0x00, 0x00, 0x00, 0x00, 0x00, 0x00, 0x00, 0x00, 0x00, 0x00, 0x00, 0x00,
    0xe0, 0xff, 0xff, 0x07, 0xf8, 0xff, 0xff, 0x1f, 0xfc, 0xff, 0xff, 0x3f,
    0x7c, 0x00, 0x00, 0x3e, 0x1c, 0x80, 0x01, 0x38, 0x1c, 0xc0, 0x01, 0x38,
    0x1c, 0xc0, 0x01, 0x38, 0x1c, 0xc0, 0x03, 0x38, 0x1c, 0x70, 0x07, 0x38,
    0x1c, 0x58, 0x0b, 0x38, 0x1c, 0x48, 0x13, 0x38, 0x1c, 0x64, 0x13, 0x38,
    0x1c, 0xfc, 0x1f, 0x38, 0x1c, 0xfc, 0x1f, 0x38, 0x1c, 0xf8, 0x1f, 0x38,
    0x1c, 0xf8, 0x0f, 0x38, 0x1c, 0xf0, 0x07, 0x38, 0x1c, 0xc0, 0xe1, 0x38,
    0x1c, 0x00, 0xf0, 0x39, 0x1c, 0x00, 0xf0, 0x39, 0x1c, 0x00, 0xf0, 0x39,
    0x1c, 0x00, 0xe0, 0x38, 0x1c, 0x00, 0x00, 0x38, 0x1c, 0x00, 0x00, 0x38,
    0x1c, 0x00, 0x00, 0x38, 0x1c, 0x00, 0x00, 0x38, 0x1c, 0x00, 0x00, 0x38,
    0x1c, 0x00, 0x00, 0x38, 0x3c, 0x00, 0x00, 0x3c,
};
static const uint8_t *const icon_atari_cx40_frames[] = {icon_atari_cx40_frame0, icon_atari_cx40_frame1, icon_atari_cx40_frame2, icon_atari_cx40_frame3};

static const uint8_t icon_atari_frame0[] PROGMEM = {
    0x00, 0x00, 0x00, 0x00, 0xff, 0xff, 0xff, 0xff, 0xff, 0xff, 0xff, 0xff,
    0x00, 0x00, 0x00, 0x80, 0x00, 0xc0, 0x03, 0x80, 0x00, 0x20, 0x02, 0x80,
    0x00, 0x40, 0x02, 0x80, 0x00, 0xc0, 0x03, 0x80, 0x00, 0x40, 0x02, 0x80,
    0x00, 0x40, 0x02, 0x80, 0x00, 0x60, 0x06, 0x80, 0x70, 0xe3, 0x06, 0x8c,
    0x08, 0xe4, 0x06, 0x88, 0x08, 0xec, 0x06, 0x88, 0x28, 0xe0, 0x07, 0x88,
    0x88, 0xf8, 0x1f, 0x88, 0x88, 0xfc, 0x3f, 0x88, 0x08, 0xfe, 0x7f, 0x80,
    0x08, 0xff, 0x7f, 0x80, 0x08, 0xff, 0x7f, 0x80, 0x08, 0xfe, 0x7f, 0x80,
    0x08, 0xfe, 0x3f, 0x81, 0x88, 0xfc, 0x1f, 0x80, 0x08, 0xf1, 0x0f, 0x80,
    0x08, 0x00, 0x00, 0x80, 0x08, 0x00, 0x00, 0x80, 0x08, 0x00, 0x00, 0x88,
    0x18, 0x00, 0xfe, 0x8b, 0xf8, 0xff, 0x01, 0x8c, 0xf8, 0xff, 0x09, 0x88,
    0xf8, 0xff, 0x01, 0x88, 0xf0, 0xff, 0xf3, 0x8c,
};
static const uint8_t icon_atari_frame1[] PROGMEM = {
    0x00, 0xc0, 0x03, 0x80, 0x00, 0x20, 0x02, 0x80, 0x00, 0x40, 0x02, 0x80,
    0x00, 0xc0, 0x03, 0x80, 0x00, 0x40, 0x02, 0x80, 0x00, 0x40, 0x02, 0x80,
    0x00, 0x60, 0x06, 0x80, 0x70, 0xe3, 0x06, 0x8c, 0x08, 0xe4, 0x06, 0x88,
    0x08, 0xec, 0x06, 0x88, 0x28, 0xe0, 0x07, 0x88, 0x88, 0xf8, 0x1f, 0x88,
    0x88, 0xfc, 0x3f, 0x88, 0x08, 0xfe, 0x7f, 0x80, 0x08, 0xff, 0x7f, 0x80,
    0x08, 0xff, 0x7f, 0x80, 0x08, 0xfe, 0x7f, 0x80, 0x08, 0xfe, 0x3f, 0x81,
    0x88, 0xfc, 0x1f, 0x80, 0x08, 0xf1, 0x0f, 0x80, 0x08, 0x00, 0x00, 0x80,
    0x08, 0x00, 0x00, 0x80, 0x08, 0x00, 0x00, 0x88, 0x18, 0x00, 0xfe, 0x8b,
    0xf8, 0xff, 0x01, 0x8c, 0xf8, 0xff, 0x09, 0x88, 0xf8, 0xff, 0x01, 0x88,
    0xf0, 0xff, 0xf3, 0x8c, 0xf0, 0xff, 0xff, 0x8f, 0xe0, 0xff, 0xff, 0x81,
    0x00, 0x00, 0x00, 0x80, 0xff, 0xff, 0xff, 0xff,
};
static const uint8_t icon_atari_frame2[] PROGMEM = {
    0x00, 0xc0, 0x03, 0x80, 0x00, 0x20, 0x02, 0x80, 0x00, 0x40, 0x02, 0x80,
    0x00, 0xc0, 0x03, 0x80, 0x00, 0x40, 0x02, 0x80, 0x00, 0x40, 0x02, 0x80,
    0x00, 0x60, 0x06, 0x80, 0x70, 0xe3, 0x06, 0x8c, 0x08, 0xe4, 0x06, 0x88,
    0x08, 0xec, 0x06, 0x88, 0x28, 0xe0, 0x07, 0x88, 0x88, 0xf8, 0x1f, 0x88,
    0x88, 0xfc, 0x3f, 0x88, 0x08, 0xfe, 0x7f, 0x80, 0x08, 0xff, 0x7f, 0x80,
    0x08, 0xff, 0x7f, 0x80, 0x08, 0xfe, 0x7f, 0x80, 0x08, 0xfe, 0x3f, 0x81,
    0x88, 0xfc, 0x1f, 0x80, 0x08, 0xf1, 0x0f, 0x80, 0x08, 0x00, 0x00, 0x80,
    0x08, 0x00, 0x00, 0x80, 0x08, 0x00, 0x00, 0x88, 0x18, 0x00, 0xfe, 0x8b,
    0xf8, 0xff, 0x01, 0x8c, 0xf8, 0xff, 0x09, 0x88, 0xf8, 0xff, 0x01, 0x88,
    0xf0, 0xff, 0xf3, 0x8c, 0xf0, 0xff, 0xff, 0x8f, 0xe0, 0xff, 0xff, 0x81,
    0x00, 0x00, 0x00, 0x80, 0xff, 0xff, 0xff, 0xff,
};
static const uint8_t icon_atari_frame3[] PROGMEM = {
    0x00, 0x00, 0x00, 0x00, 0xff, 0xff, 0xff, 0xff, 0xff, 0xff, 0xff, 0xff,
    0x00, 0x00, 0x00, 0x80, 0x00, 0xc0, 0x03, 0x80, 0x00, 0x20, 0x02, 0x80,
    0x00, 0x40, 0x02, 0x80, 0x00, 0xc0, 0x03, 0x80, 0x00, 0x40, 0x02, 0x80,
    0x00, 0x40, 0x02, 0x80, 0x00, 0x60, 0x06, 0x80, 0x70, 0xe3, 0x06, 0x8c,
    0x08, 0xe4, 0x06, 0x88, 0x08, 0xec, 0x06, 0x88, 0x28, 0xe0, 0x07, 0x88,
    0x88, 0xf8, 0x1f, 0x88, 0x88, 0xfc, 0x3f, 0x88, 0x08, 0xfe, 0x7f, 0x80,
    0x08, 0xff, 0x7f, 0x80, 0x08, 0xff, 0x7f, 0x80, 0x08, 0xfe, 0x7f, 0x80,
    0x08, 0xfe, 0x3f, 0x81, 0x88, 0xfc, 0x1f, 0x80, 0x08, 0xf1, 0x0f, 0x80,
    0x08, 0x00, 0x00, 0x80, 0x08, 0x00, 0x00, 0x80, 0x08, 0x00, 0x00, 0x88,
    0x18, 0x00, 0xfe, 0x8b, 0xf8, 0xff, 0x01, 0x8c, 0xf8, 0xff, 0x09, 0x88,
    0xf8, 0xff, 0x01, 0x88, 0xf0, 0xff, 0xf3, 0x8c,
};
static const uint8_t *const icon_atari_frames[] = {icon_atari_frame0, icon_atari_frame1, icon_atari_frame2, icon_atari_frame3};

static const uint8_t icon_game_1_frame0[] PROGMEM = {
    0x00, 0x00, 0x00, 0x00, 0x00, 0x00, 0x00, 0x00, 0x00, 0x00, 0x00, 0x00,
    0x00, 0xfe, 0x7f, 0x00, 0x00, 0x66, 0x66, 0x00, 0x00, 0x66, 0x66, 0x00,
    0x00, 0x66, 0x66, 0x00, 0x00, 0x66, 0x66, 0x00, 0x00, 0x66, 0x66, 0x00,
    0x00, 0x62, 0x46, 0x00, 0x00, 0x62, 0x46, 0x00, 0x00, 0x63, 0xc6, 0x00,
    0x00, 0x63, 0xc6, 0x00, 0x00, 0x63, 0xc6, 0x00, 0x00, 0x63, 0xc6, 0x00,
    0x80, 0x63, 0xc6, 0x01, 0x80, 0x21, 0x84, 0x01, 0x80, 0x21, 0x84, 0x01,
    0xc0, 0x21, 0x84, 0x03, 0xc0, 0x20, 0x04, 0x03, 0xe0, 0x30, 0x0c, 0x07,
    0x70, 0x30, 0x0c, 0x0e, 0x78, 0x30, 0x0c, 0x1e, 0x3c, 0x30, 0x0c, 0x3c,
    0x1f, 0x38, 0x1c, 0xf8, 0x03, 0x18, 0x18, 0xc0, 0x00, 0x1c, 0x38, 0x00,
    0x00, 0x1e, 0x78, 0x00, 0x00, 0x1e, 0x78, 0x00, 0x00, 0x0f, 0xf0, 0x00,
    0xc0, 0x0f, 0xf0, 0x03, 0xe0, 0x0d, 0xb0, 0x07,
};
static const uint8_t icon_game_1_frame1[] PROGMEM = {
    0x00, 0x66, 0x66, 0x00, 0x00, 0x66, 0x66, 0x00, 0x00, 0x66, 0x66, 0x00,
    0x00, 0x66, 0x66, 0x00, 0x00, 0x66, 0x66, 0x00, 0x00, 0x62, 0x46, 0x00,
    0x00, 0x62, 0x46, 0x00, 0x00, 0x63, 0xc6, 0x00, 0x00, 0x63, 0xc6, 0x00,
    0x00, 0x63, 0xc6, 0x00, 0x00, 0x63, 0xc6, 0x00, 0x80, 0x63, 0xc6, 0x01,
    0x80, 0x21, 0x84, 0x01, 0x80, 0x21, 0x84, 0x01, 0xc0, 0x21, 0x84, 0x03,
    0xc0, 0x20, 0x04, 0x03, 0xe0, 0x30, 0x0c, 0x07, 0x70, 0x30, 0x0c, 0x0e,
    0x78, 0x30, 0x0c, 0x1e, 0x3c, 0x30, 0x0c, 0x3c, 0x1f, 0x38, 0x1c, 0xf8,
    0x03, 0x18, 0x18, 0xc0, 0x00, 0x1c, 0x38, 0x00, 0x00, 0x1e, 0x78, 0x00,
    0x00, 0x1e, 0x78, 0x00, 0x00, 0x0f, 0xf0, 0x00, 0xc0, 0x0f, 0xf0, 0x03,
    0xe0, 0x0f, 0xf0, 0x07, 0xff, 0x06, 0x60, 0xff, 0x1f, 0x06, 0x60, 0xf8,
    0x00, 0xfe, 0x7f, 0x00, 0x00, 0x00, 0x00, 0x00,
};
static const uint8_t icon_game_1_frame2[] PROGMEM = {
    0x00, 0x66, 0x66, 0x00, 0x00, 0x66, 0x66, 0x00, 0x00, 0x66, 0x66, 0x00,
    0x00, 0x66, 0x66, 0x00, 0x00, 0x66, 0x66, 0x00, 0x00, 0x62, 0x46, 0x00,
    0x00, 0x62, 0x46, 0x00, 0x00, 0x63, 0xc6, 0x00, 0x00, 0x63, 0xc6, 0x00,
    0x00, 0x63, 0xc6, 0x00, 0x00, 0x63, 0xc6, 0x00, 0x80, 0x63, 0xc6, 0x01,
    0x80, 0x21, 0x84, 0x01, 0x80, 0x21, 0x84, 0x01, 0xc0, 0x21, 0x84, 0x03,
    0xc0, 0x20, 0x04, 0x03, 0xe0, 0x30, 0x0c, 0x07, 0x70, 0x30, 0x0c, 0x0e,
    0x78, 0x30, 0x0c, 0x1e, 0x3c, 0x30, 0x0c, 0x3c, 0x1f, 0x38, 0x1c, 0xf8,
    0x03, 0x18, 0x18, 0xc0, 0x00, 0x1c, 0x38, 0x00, 0x00, 0x1e, 0x78, 0x00,
    0x00, 0x1e, 0x78, 0x00, 0x00, 0x0f, 0xf0, 0x00, 0xc0, 0x0f, 0xf0, 0x03,
    0xe0, 0x0f, 0xf0, 0x07, 0xff, 0x06, 0x60, 0xff, 0x1f, 0x06, 0x60, 0xf8,
    0x00, 0xfe, 0x7f, 0x00, 0x00, 0x00, 0x00, 0x00,
};
static const uint8_t icon_game_1_frame3[] PROGMEM = {
    0x00, 0x00, 0x00, 0x00, 0x00, 0x00, 0x00, 0x00, 0x00, 0x00, 0x00, 0x00,
    0x00, 0xfe, 0x7f, 0x00, 0x00, 0x66, 0x66, 0x00, 0x00, 0x66, 0x66, 0x00,
    0x00, 0x66, 0x66, 0x00, 0x00, 0x66, 0x66, 0x00, 0x00, 0x66, 0x66, 0x00,
    0x00, 0x62, 0x46, 0x00, 0x00, 0x62, 0x46, 0x00, 0x00, 0x63, 0xc6, 0x00,
    0x00, 0x63, 0xc6, 0x00, 0x00, 0x63, 0xc6, 0x00, 0x00, 0x63, 0xc6, 0x00,
    0x80, 0x63, 0xc6, 0x01, 0x80, 0x21, 0x84, 0x01, 0x80, 0x21, 0x84, 0x01,
    0xc0, 0x21, 0x84, 0x03, 0xc0, 0x20, 0x04, 0x03, 0xe0, 0x30, 0x0c, 0x07,
    0x70, 0x30, 0x0c, 0x0e, 0x78, 0x30, 0x0c, 0x1e, 0x3c, 0x30, 0x0c, 0x3c,
    0x1f, 0x38, 0x1c, 0xf8, 0x03, 0x18, 0x18, 0xc0, 0x00, 0x1c, 0x38, 0x00,
    0x00, 0x1e, 0x78, 0x00, 0x00, 0x1e, 0x78, 0x00, 0x00, 0x0f, 0xf0, 0x00,
    0xc0, 0x0f, 0xf0, 0x03, 0xe0, 0x0d, 0xb0, 0x07,
};
static const uint8_t *const icon_game_1_frames[] = {icon_game_1_frame0, icon_game_1_frame1, icon_game_1_frame2, icon_game_1_frame3};

static const uint8_t icon_game_2_frame0[] PROGMEM = {
    0x00, 0x00, 0x00, 0x00, 0x00, 0x00, 0x00, 0x00, 0x00, 0x00, 0x00, 0x00,
    0x00, 0x00, 0x00, 0x00, 0x00, 0x00, 0x00, 0x00, 0x00, 0x00, 0x00, 0x00,
    0x00, 0x00, 0x00, 0x00, 0xf0, 0xff, 0xff, 0x0f, 0xfc, 0xff, 0xff, 0x3f,
    0xcc, 0xff, 0xff, 0x33, 0x3c, 0x00, 0x00, 0x3c, 0x24, 0x00, 0x00, 0x24,
    0xe6, 0xff, 0xff, 0x67, 0x36, 0x00, 0x00, 0x6c, 0x1e, 0xc0, 0x07, 0x78,
    0xfe, 0xff, 0xff, 0x7f, 0x06, 0x00, 0x00, 0x60, 0xfb, 0xff, 0xff, 0xdf,
    0x03, 0x00, 0x00, 0xc0, 0xff, 0xff, 0xff, 0xff, 0x07, 0x00, 0x00, 0xe0,
    0x07, 0x00, 0x00, 0xe0, 0xfd, 0xff, 0xff, 0xbf, 0x01, 0x00, 0x00, 0x80,
    0xfd, 0xff, 0xff, 0xbf, 0x01, 0x00, 0x00, 0x80, 0x07, 0x00, 0x00, 0xe0,
    0x03, 0x00, 0x00, 0xc0, 0xff, 0xff, 0xff, 0xff, 0xfe, 0xff, 0xff, 0x7f,
    0xfe, 0xff, 0xff, 0x7f, 0x00, 0x00, 0x00, 0x00,
};
static const uint8_t icon_game_2_frame1[] PROGMEM = {
    0x00, 0x00, 0x00, 0x00, 0x00, 0x00, 0x00, 0x00, 0x00, 0x00, 0x00, 0x00,
    0xf0, 0xff, 0xff, 0x0f, 0xfc, 0xff, 0xff, 0x3f, 0xcc, 0xff, 0xff, 0x33,
    0x3c, 0x00, 0x00, 0x3c, 0x24, 0x00, 0x00, 0x24, 0xe6, 0xff, 0xff, 0x67,
    0x36, 0x00, 0x00, 0x6c, 0x1e, 0xc0, 0x07, 0x78, 0xfe, 0xff, 0xff, 0x7f,
    0x06, 0x00, 0x00, 0x60, 0xfb, 0xff, 0xff, 0xdf, 0x03, 0x00, 0x00, 0xc0,
    0xff, 0xff, 0xff, 0xff, 0x07, 0x00, 0x00, 0xe0, 0x07, 0x00, 0x00, 0xe0,
    0xfd, 0xff, 0xff, 0xbf, 0x01, 0x00, 0x00, 0x80, 0xfd, 0xff, 0xff, 0xbf,
    0x01, 0x00, 0x00, 0x80, 0x07, 0x00, 0x00, 0xe0, 0x03, 0x00, 0x00, 0xc0,
    0xff, 0xff, 0xff, 0xff, 0xfe, 0xff, 0xff, 0x7f, 0xfe, 0xff, 0xff, 0x7f,
    0x00, 0x00, 0x00, 0x00, 0x00, 0x00, 0x00, 0x00, 0x00, 0x00, 0x00, 0x00,
    0x00, 0x00, 0x00, 0x00, 0x00, 0x00, 0x00, 0x00,
};
static const uint8_t icon_game_2_frame2[] PROGMEM = {
    0x00, 0x00, 0x00, 0x00, 0x00, 0x00, 0x00, 0x00, 0x00, 0x00, 0x00, 0x00,
    0xf0, 0xff, 0xff, 0x0f, 0xfc, 0xff, 0xff, 0x3f, 0xcc, 0xff, 0xff, 0x33,
    0x3c, 0x00, 0x00, 0x3c, 0x24, 0x00, 0x00, 0x24, 0xe6, 0xff, 0xff, 0x67,
    0x36, 0x00, 0x00, 0x6c, 0x1e, 0xc0, 0x07, 0x78, 0xfe, 0xff, 0xff, 0x7f,
    0x06, 0x00, 0x00, 0x60, 0xfb, 0xff, 0xff, 0xdf, 0x03, 0x00, 0x00, 0xc0,
    0xff, 0xff, 0xff, 0xff, 0x07, 0x00, 0x00, 0xe0, 0x07, 0x00, 0x00, 0xe0,
    0xfd, 0xff, 0xff, 0xbf, 0x01, 0x00, 0x00, 0x80, 0xfd, 0xff, 0xff, 0xbf,
    0x01, 0x00, 0x00, 0x80, 0x07, 0x00, 0x00, 0xe0, 0x03, 0x00, 0x00, 0xc0,
    0xff, 0xff, 0xff, 0xff, 0xfe, 0xff, 0xff, 0x7f, 0xfe, 0xff, 0xff, 0x7f,
    0x00, 0x00, 0x00, 0x00, 0x00, 0x00, 0x00, 0x00, 0x00, 0x00, 0x00, 0x00,
    0x00, 0x00, 0x00, 0x00, 0x00, 0x00, 0x00, 0x00,
};
static const uint8_t icon_game_2_frame3[] PROGMEM = {
    0x00, 0x00, 0x00, 0x00, 0x00, 0x00, 0x00, 0x00, 0x00, 0x00, 0x00, 0x00,
    0x00, 0x00, 0x00, 0x00, 0x00, 0x00, 0x00, 0x00, 0x00, 0x00, 0x00, 0x00,
    0x00, 0x00, 0x00, 0x00, 0xf0, 0xff, 0xff, 0x0f, 0xfc, 0xff, 0xff, 0x3f,
    0xcc, 0xff, 0xff, 0x33, 0x3c, 0x00, 0x00, 0x3c, 0x24, 0x00, 0x00, 0x24,
    0xe6, 0xff, 0xff, 0x67, 0x36, 0x00, 0x00, 0x6c, 0x1e, 0xc0, 0x07, 0x78,
    0xfe, 0xff, 0xff, 0x7f, 0x06, 0x00, 0x00, 0x60, 0xfb, 0xff, 0xff, 0xdf,
    0x03, 0x00, 0x00, 0xc0, 0xff, 0xff, 0xff, 0xff, 0x07, 0x00, 0x00, 0xe0,
    0x07, 0x00, 0x00, 0xe0, 0xfd, 0xff, 0xff, 0xbf, 0x01, 0x00, 0x00, 0x80,
    0xfd, 0xff, 0xff, 0xbf, 0x01, 0x00, 0x00, 0x80, 0x07, 0x00, 0x00, 0xe0,
    0x03, 0x00, 0x00, 0xc0, 0xff, 0xff, 0xff, 0xff, 0xfe, 0xff, 0xff, 0x7f,
    0xfe, 0xff, 0xff, 0x7f, 0x00, 0x00, 0x00, 0x00,
};
static const uint8_t *const icon_game_2_frames[] = {icon_game_2_frame0, icon_game_2_frame1, icon_game_2_frame2, icon_game_2_frame3};

static const uint8_t icon_philips_odyssey_frame0[] PROGMEM = {
    0x00, 0x00, 0x00, 0x00, 0x00, 0x00, 0x00, 0x00, 0x00, 0x00, 0x00, 0x00,
    0x00, 0x00, 0x00, 0x00, 0x00, 0x00, 0x00, 0x00, 0x00, 0x00, 0x00, 0x00,
    0x00, 0x00, 0x00, 0x00, 0xfc, 0xff, 0xff, 0x3f, 0xfc, 0xff, 0xff, 0x3f,
    0x0c, 0xf0, 0xff, 0x37, 0x0c, 0xf8, 0xff, 0x3f, 0x0c, 0xf8, 0xff, 0x3f,
    0x0c, 0xf8, 0xff, 0x3f, 0x1c, 0x00, 0x00, 0x38, 0x0e, 0xf8, 0xff, 0x77,
    0x0e, 0xf8, 0xff, 0x7f, 0x0e, 0x48, 0x92, 0x7c, 0x0e, 0xfc, 0xff, 0x7f,
    0x06, 0xdc, 0xb6, 0x6f, 0x06, 0xfc, 0xff, 0x6f, 0x06, 0x6c, 0xdb, 0x6c,
    0x07, 0xfc, 0xff, 0xef, 0x07, 0xcc, 0xb6, 0xfd, 0x07, 0xfc, 0xff, 0xff,
    0x03, 0x9e, 0x24, 0xf9, 0x03, 0xfe, 0xff, 0xdf, 0x03, 0x00, 0x00, 0xc0,
    0x03, 0x00, 0x00, 0xc0, 0xff, 0xff, 0xff, 0xff, 0xff, 0xff, 0xff, 0xff,
    0xff, 0xff, 0xff, 0xff, 0xff, 0xff, 0xff, 0xff,
};
static const uint8_t icon_philips_odyssey_frame1[] PROGMEM = {
    0x00, 0x00, 0x00, 0x00, 0x00, 0x00, 0x00, 0x00, 0x00, 0x00, 0x00, 0x00,
    0xfc, 0xff, 0xff, 0x3f, 0xfc, 0xff, 0xff, 0x3f, 0x0c, 0xf0, 0xff, 0x37,
    0x0c, 0xf8, 0xff, 0x3f, 0x0c, 0xf8, 0xff, 0x3f, 0x0c, 0xf8, 0xff, 0x3f,
    0x1c, 0x00, 0x00, 0x38, 0x0e, 0xf8, 0xff, 0x77, 0x0e, 0xf8, 0xff, 0x7f,
    0x0e, 0x48, 0x92, 0x7c, 0x0e, 0xfc, 0xff, 0x7f, 0x06, 0xdc, 0xb6, 0x6f,
    0x06, 0xfc, 0xff, 0x6f, 0x06, 0x6c, 0xdb, 0x6c, 0x07, 0xfc, 0xff, 0xef,
    0x07, 0xcc, 0xb6, 0xfd, 0x07, 0xfc, 0xff, 0xff, 0x03, 0x9e, 0x24, 0xf9,
    0x03, 0xfe, 0xff, 0xdf, 0x03, 0x00, 0x00, 0xc0, 0x03, 0x00, 0x00, 0xc0,
    0xff, 0xff, 0xff, 0xff, 0xff, 0xff, 0xff, 0xff, 0xff, 0xff, 0xff, 0xff,
    0xff, 0xff, 0xff, 0xff, 0x00, 0x00, 0x00, 0x00, 0x00, 0x00, 0x00, 0x00,
    0x00, 0x00, 0x00, 0x00, 0x00, 0x00, 0x00, 0x00,
};
static const uint8_t icon_philips_odyssey_frame2[] PROGMEM = {
    0x00, 0x00, 0x00, 0x00, 0x00, 0x00, 0x00, 0x00, 0x00, 0x00, 0x00, 0x00,
    0xfc, 0xff, 0xff, 0x3f, 0xfc, 0xff, 0xff, 0x3f, 0x0c, 0xf0, 0xff, 0x37,
    0x0c, 0xf8, 0xff, 0x3f, 0x0c, 0xf8, 0xff, 0x3f, 0x0c, 0xf8, 0xff, 0x3f,
    0x1c, 0x00, 0x00, 0x38, 0x0e, 0xf8, 0xff, 0x77, 0x0e, 0xf8, 0xff, 0x7f,
    0x0e, 0x48, 0x92, 0x7c, 0x0e, 0xfc, 0xff, 0x7f, 0x06, 0xdc, 0xb6, 0x6f,
    0x06, 0xfc, 0xff, 0x6f, 0x06, 0x6c, 0xdb, 0x6c, 0x07, 0xfc, 0xff, 0xef,
    0x07, 0xcc, 0xb6, 0xfd, 0x07, 0xfc, 0xff, 0xff, 0x03, 0x9e, 0x24, 0xf9,
    0x03, 0xfe, 0xff, 0xdf, 0x03, 0x00, 0x00, 0xc0, 0x03, 0x00, 0x00, 0xc0,
    0xff, 0xff, 0xff, 0xff, 0xff, 0xff, 0xff, 0xff, 0xff, 0xff, 0xff, 0xff,
    0xff, 0xff, 0xff, 0xff, 0x00, 0x00, 0x00, 0x00, 0x00, 0x00, 0x00, 0x00,
    0x00, 0x00, 0x00, 0x00, 0x00, 0x00, 0x00, 0x00,
};
static const uint8_t icon_philips_odyssey_frame3[] PROGMEM = {
    0x00, 0x00, 0x00, 0x00, 0x00, 0x00, 0x00, 0x00, 0x00, 0x00, 0x00, 0x00,
    0x00, 0x00, 0x00, 0x00, 0x00, 0x00, 0x00, 0x00, 0x00, 0x00, 0x00, 0x00,
    0x00, 0x00, 0x00, 0x00, 0xfc, 0xff, 0xff, 0x3f, 0xfc, 0xff, 0xff, 0x3f,
    0x0c, 0xf0, 0xff, 0x37, 0x0c, 0xf8, 0xff, 0x3f, 0x0c, 0xf8, 0xff, 0x3f,
    0x0c, 0xf8, 0xff, 0x3f, 0x1c, 0x00, 0x00, 0x38, 0x0e, 0xf8, 0xff, 0x77,
    0x0e, 0xf8, 0xff, 0x7f, 0x0e, 0x48, 0x92, 0x7c, 0x0e, 0xfc, 0xff, 0x7f,
    0x06, 0xdc, 0xb6, 0x6f, 0x06, 0xfc, 0xff, 0x6f, 0x06, 0x6c, 0xdb, 0x6c,
    0x07, 0xfc, 0xff, 0xef, 0x07, 0xcc, 0xb6, 0xfd, 0x07, 0xfc, 0xff, 0xff,
    0x03, 0x9e, 0x24, 0xf9, 0x03, 0xfe, 0xff, 0xdf, 0x03, 0x00, 0x00, 0xc0,
    0x03, 0x00, 0x00, 0xc0, 0xff, 0xff, 0xff, 0xff, 0xff, 0xff, 0xff, 0xff,
    0xff, 0xff, 0xff, 0xff, 0xff, 0xff, 0xff, 0xff,
};
static const uint8_t *const icon_philips_odyssey_frames[] = {icon_philips_odyssey_frame0, icon_philips_odyssey_frame1, icon_philips_odyssey_frame2, icon_philips_odyssey_frame3};

static const uint8_t icon_cdi_frame0[] PROGMEM = {
    0x00, 0x00, 0x00, 0x00, 0x00, 0x00, 0x00, 0x00, 0x00, 0x00, 0x00, 0x00,
    0x00, 0x00, 0x00, 0x00, 0x00, 0x00, 0x00, 0x00, 0x00, 0x00, 0x00, 0x00,
    0x00, 0x00, 0x00, 0x00, 0x00, 0x00, 0x00, 0x00, 0x00, 0x00, 0x00, 0x00,
    0xff, 0xff, 0xff, 0xff, 0xff, 0xff, 0xff, 0xff, 0x00, 0x00, 0x00, 0x00,
    0x00, 0x00, 0x00, 0x00, 0x00, 0x00, 0x00, 0x00, 0x00, 0x00, 0x00, 0x00,
    0x00, 0x00, 0xc0, 0xc0, 0xf8, 0x81, 0xdf, 0x00, 0x0e, 0xe7, 0xf0, 0xc0,
    0x03, 0x60, 0xc0, 0xcc, 0x03, 0x60, 0xc0, 0xcc, 0x06, 0xe7, 0xe0, 0xc0,
    0xf8, 0x81, 0xdf, 0xc0, 0x00, 0x00, 0x00, 0x00, 0x00, 0x00, 0x00, 0x00,
    0x00, 0x00, 0x00, 0x00, 0x00, 0x00, 0x00, 0x00, 0x00, 0x00, 0x00, 0x00,
    0xff, 0xff, 0xff, 0xff, 0xff, 0xff, 0xff, 0xff, 0x00, 0x00, 0x00, 0x00,
    0x00, 0x00, 0x00, 0x00, 0x00, 0x00, 0x00, 0x00,
};
static const uint8_t icon_cdi_frame1[] PROGMEM = {
    0x00, 0x00, 0x00, 0x00, 0x00, 0x00, 0x00, 0x00, 0x00, 0x00, 0x00, 0x00,
    0x00, 0x00, 0x00, 0x00, 0x00, 0x00, 0x00, 0x00, 0xff, 0xff, 0xff, 0xff,
    0xff, 0xff, 0xff, 0xff, 0x00, 0x00, 0x00, 0x00, 0x00, 0x00, 0x00, 0x00,
    0x00, 0x00, 0x00, 0x00, 0x00, 0x00, 0x00, 0x00, 0x00, 0x00, 0xc0, 0xc0,
    0xf8, 0x81, 0xdf, 0x00, 0x0e, 0xe7, 0xf0, 0xc0, 0x03, 0x60, 0xc0, 0xcc,
    0x03, 0x60, 0xc0, 0xcc, 0x06, 0xe7, 0xe0, 0xc0, 0xf8, 0x81, 0xdf, 0xc0,
    0x00, 0x00, 0x00, 0x00, 0x00, 0x00, 0x00, 0x00, 0x00, 0x00, 0x00, 0x00,
    0x00, 0x00, 0x00, 0x00, 0x00, 0x00, 0x00, 0x00, 0xff, 0xff, 0xff, 0xff,
    0xff, 0xff, 0xff, 0xff, 0x00, 0x00, 0x00, 0x00, 0x00, 0x00, 0x00, 0x00,
    0x00, 0x00, 0x00, 0x00, 0x00, 0x00, 0x00, 0x00, 0x00, 0x00, 0x00, 0x00,
    0x00, 0x00, 0x00, 0x00, 0x00, 0x00, 0x00, 0x00,
};
static const uint8_t icon_cdi_frame2[] PROGMEM = {
    0x00, 0x00, 0x00, 0x00, 0x00, 0x00, 0x00, 0x00, 0x00, 0x00, 0x00, 0x00,
    0x00, 0x00, 0x00, 0x00, 0x00, 0x00, 0x00, 0x00, 0xff, 0xff, 0xff, 0xff,
    0xff, 0xff, 0xff, 0xff, 0x00, 0x00, 0x00, 0x00, 0x00, 0x00, 0x00, 0x00,
    0x00, 0x00, 0x00, 0x00, 0x00, 0x00, 0x00, 0x00, 0x00, 0x00, 0xc0, 0xc0,
    0xf8, 0x81, 0xdf, 0x00, 0x0e, 0xe7, 0xf0, 0xc0, 0x03, 0x60, 0xc0, 0xcc,
    0x03, 0x60, 0xc0, 0xcc, 0x06, 0xe7, 0xe0, 0xc0, 0xf8, 0x81, 0xdf, 0xc0,
    0x00, 0x00, 0x00, 0x00, 0x00, 0x00, 0x00, 0x00, 0x00, 0x00, 0x00, 0x00,
    0x00, 0x00, 0x00, 0x00, 0x00, 0x00, 0x00, 0x00, 0xff, 0xff, 0xff, 0xff,
    0xff, 0xff, 0xff, 0xff, 0x00, 0x00, 0x00, 0x00, 0x00, 0x00, 0x00, 0x00,
    0x00, 0x00, 0x00, 0x00, 0x00, 0x00, 0x00, 0x00, 0x00, 0x00, 0x00, 0x00,
    0x00, 0x00, 0x00, 0x00, 0x00, 0x00, 0x00, 0x00,
};
static const uint8_t icon_cdi_frame3[] PROGMEM = {
    0x00, 0x00, 0x00, 0x00, 0x00, 0x00, 0x00, 0x00, 0x00, 0x00, 0x00, 0x00,
    0x00, 0x00, 0x00, 0x00, 0x00, 0x00, 0x00, 0x00, 0x00, 0x00, 0x00, 0x00,
    0x00, 0x00, 0x00, 0x00, 0x00, 0x00, 0x00, 0x00, 0x00, 0x00, 0x00, 0x00,
    0xff, 0xff, 0xff, 0xff, 0xff, 0xff, 0xff, 0xff, 0x00, 0x00, 0x00, 0x00,
    0x00, 0x00, 0x00, 0x00, 0x00, 0x00, 0x00, 0x00, 0x00, 0x00, 0x00, 0x00,
    0x00, 0x00, 0xc0, 0xc0, 0xf8, 0x81, 0xdf, 0x00, 0x0e, 0xe7, 0xf0, 0xc0,
    0x03, 0x60, 0xc0, 0xcc, 0x03, 0x60, 0xc0, 0xcc, 0x06, 0xe7, 0xe0, 0xc0,
    0xf8, 0x81, 0xdf, 0xc0, 0x00, 0x00, 0x00, 0x00, 0x00, 0x00, 0x00, 0x00,
    0x00, 0x00, 0x00, 0x00, 0x00, 0x00, 0x00, 0x00, 0x00, 0x00, 0x00, 0x00,
    0xff, 0xff, 0xff, 0xff, 0xff, 0xff, 0xff, 0xff, 0x00, 0x00, 0x00, 0x00,
    0x00, 0x00, 0x00, 0x00, 0x00, 0x00, 0x00, 0x00,
};
static const uint8_t *const icon_cdi_frames[] = {icon_cdi_frame0, icon_cdi_frame1, icon_cdi_frame2, icon_cdi_frame3};

static const uint8_t icon_3do_frame0[] PROGMEM = {
    0x00, 0x00, 0x00, 0x00, 0xf8, 0xff, 0xff, 0x1f, 0xf8, 0xff, 0xff, 0x1f,
    0x18, 0x00, 0x00, 0x18, 0x18, 0x00, 0x00, 0x18, 0x18, 0x80, 0x01, 0x18,
    0x18, 0xc0, 0x03, 0x18, 0x18, 0xe0, 0x07, 0x18, 0x18, 0xf0, 0x0f, 0x18,
    0x18, 0xf0, 0x1f, 0x18, 0x18, 0xf0, 0x0f, 0x18, 0x18, 0xe0, 0x07, 0x18,
    0x18, 0xc0, 0x03, 0x18, 0x18, 0x00, 0x00, 0x18, 0x18, 0x00, 0x00, 0x18,
    0x18, 0xf0, 0x0f, 0x18, 0x18, 0xf0, 0x0f, 0x18, 0x18, 0xf0, 0x0f, 0x18,
    0x18, 0xf0, 0x0f, 0x18, 0x18, 0xf0, 0x0f, 0x18, 0x18, 0xf0, 0x0f, 0x18,
    0x18, 0x00, 0x00, 0x18, 0x18, 0x80, 0x03, 0x18, 0x18, 0x60, 0x06, 0x18,
    0x18, 0x20, 0x0c, 0x18, 0x18, 0x10, 0x08, 0x18, 0x18, 0x10, 0x08, 0x18,
    0x18, 0x20, 0x0c, 0x18, 0x18, 0x60, 0x06, 0x18, 0x18, 0x80, 0x03, 0x18,
    0x18, 0x00, 0x00, 0x18, 0x18, 0x00, 0x00, 0x18,
};
static const uint8_t icon_3do_frame1[] PROGMEM = {
    0x18, 0x00, 0x00, 0x18, 0x18, 0x80, 0x01, 0x18, 0x18, 0xc0, 0x03, 0x18,
    0x18, 0xe0, 0x07, 0x18, 0x18, 0xf0, 0x0f, 0x18, 0x18, 0xf0, 0x1f, 0x18,
    0x18, 0xf0, 0x0f, 0x18, 0x18, 0xe0, 0x07, 0x18, 0x18, 0xc0, 0x03, 0x18,
    0x18, 0x00, 0x00, 0x18, 0x18, 0x00, 0x00, 0x18, 0x18, 0xf0, 0x0f, 0x18,
    0x18, 0xf0, 0x0f, 0x18, 0x18, 0xf0, 0x0f, 0x18, 0x18, 0xf0, 0x0f, 0x18,
    0x18, 0xf0, 0x0f, 0x18, 0x18, 0xf0, 0x0f, 0x18, 0x18, 0x00, 0x00, 0x18,
    0x18, 0x80, 0x03, 0x18, 0x18, 0x60, 0x06, 0x18, 0x18, 0x20, 0x0c, 0x18,
    0x18, 0x10, 0x08, 0x18, 0x18, 0x10, 0x08, 0x18, 0x18, 0x20, 0x0c, 0x18,
    0x18, 0x60, 0x06, 0x18, 0x18, 0x80, 0x03, 0x18, 0x18, 0x00, 0x00, 0x18,
    0x18, 0x00, 0x00, 0x18, 0x18, 0xe0, 0x07, 0x18, 0x18, 0xf0, 0x0f, 0x18,
    0x18, 0x00, 0x00, 0x18, 0xf8, 0xff, 0xff, 0x1f,
};
static const uint8_t icon_3do_frame2[] PROGMEM = {
    0x18, 0x00, 0x00, 0x18, 0x18, 0x80, 0x01, 0x18, 0x18, 0xc0, 0x03, 0x18,
    0x18, 0xe0, 0x07, 0x18, 0x18, 0xf0, 0x0f, 0x18, 0x18, 0xf0, 0x1f, 0x18,
    0x18, 0xf0, 0x0f, 0x18, 0x18, 0xe0, 0x07, 0x18, 0x18, 0xc0, 0x03, 0x18,
    0x18, 0x00, 0x00, 0x18, 0x18, 0x00, 0x00, 0x18, 0x18, 0xf0, 0x0f, 0x18,
    0x18, 0xf0, 0x0f, 0x18, 0x18, 0xf0, 0x0f, 0x18, 0x18, 0xf0, 0x0f, 0x18,
    0x18, 0xf0, 0x0f, 0x18, 0x18, 0xf0, 0x0f, 0x18, 0x18, 0x00, 0x00, 0x18,
    0x18, 0x80, 0x03, 0x18, 0x18, 0x60, 0x06, 0x18, 0x18, 0x20, 0x0c, 0x18,
    0x18, 0x10, 0x08, 0x18, 0x18, 0x10, 0x08, 0x18, 0x18, 0x20, 0x0c, 0x18,
    0x18, 0x60, 0x06, 0x18, 0x18, 0x80, 0x03, 0x18, 0x18, 0x00, 0x00, 0x18,
    0x18, 0x00, 0x00, 0x18, 0x18, 0xe0, 0x07, 0x18, 0x18, 0xf0, 0x0f, 0x18,
    0x18, 0x00, 0x00, 0x18, 0xf8, 0xff, 0xff, 0x1f,
};
static const uint8_t icon_3do_frame3[] PROGMEM = {
    0x00, 0x00, 0x00, 0x00, 0xf8, 0xff, 0xff, 0x1f, 0xf8, 0xff, 0xff, 0x1f,
    0x18, 0x00, 0x00, 0x18, 0x18, 0x00, 0x00, 0x18, 0x18, 0x80, 0x01, 0x18,
    0x18, 0xc0, 0x03, 0x18, 0x18, 0xe0, 0x07, 0x18, 0x18, 0xf0, 0x0f, 0x18,
    0x18, 0xf0, 0x1f, 0x18, 0x18, 0xf0, 0x0f, 0x18, 0x18, 0xe0, 0x07, 0x18,
    0x18, 0xc0, 0x03, 0x18, 0x18, 0x00, 0x00, 0x18, 0x18, 0x00, 0x00, 0x18,
    0x18, 0xf0, 0x0f, 0x18, 0x18, 0xf0, 0x0f, 0x18, 0x18, 0xf0, 0x0f, 0x18,
    0x18, 0xf0, 0x0f, 0x18, 0x18, 0xf0, 0x0f, 0x18, 0x18, 0xf0, 0x0f, 0x18,
    0x18, 0x00, 0x00, 0x18, 0x18, 0x80, 0x03, 0x18, 0x18, 0x60, 0x06, 0x18,
    0x18, 0x20, 0x0c, 0x18, 0x18, 0x10, 0x08, 0x18, 0x18, 0x10, 0x08, 0x18,
    0x18, 0x20, 0x0c, 0x18, 0x18, 0x60, 0x06, 0x18, 0x18, 0x80, 0x03, 0x18,
    0x18, 0x00, 0x00, 0x18, 0x18, 0x00, 0x00, 0x18,
};
static const uint8_t *const icon_3do_frames[] = {icon_3do_frame0, icon_3do_frame1, icon_3do_frame2, icon_3do_frame3};

static const uint8_t icon_gravis_joypad_frame0[] PROGMEM = {
    0x00, 0x00, 0x00, 0x00, 0x00, 0x00, 0x00, 0x00, 0x00, 0x00, 0x00, 0x00,
    0x00, 0x00, 0x00, 0x00, 0x00, 0x00, 0x00, 0x00, 0x00, 0x00, 0x00, 0x00,
    0x00, 0x00, 0x00, 0x00, 0x00, 0x00, 0x00, 0x00, 0xf8, 0x0f, 0x00, 0x00,
    0xfe, 0x3f, 0x00, 0x00, 0xff, 0x7f, 0x00, 0x00, 0x1f, 0xfc, 0xff, 0x1f,
    0x07, 0xf0, 0xff, 0x7f, 0xc3, 0xe1, 0xff, 0xff, 0xe3, 0x03, 0x00, 0xf0,
    0xf1, 0x07, 0x00, 0xe0, 0xf1, 0x07, 0x00, 0xc3, 0xf1, 0x07, 0x00, 0xc3,
    0xf1, 0x07, 0x00, 0x88, 0xe1, 0x03, 0x70, 0x9c, 0x03, 0x00, 0x60, 0x88,
    0x07, 0x00, 0x00, 0x80, 0x0f, 0x00, 0x00, 0xc0, 0x3f, 0x00, 0x00, 0xc0,
    0xff, 0xff, 0xc7, 0xe7, 0xfe, 0xff, 0x0f, 0xe0, 0xf8, 0xff, 0x3f, 0xf8,
    0x00, 0x00, 0xfe, 0xff, 0x00, 0x00, 0xfc, 0x7f, 0x00, 0x00, 0xf0, 0x1f,
    0x00, 0x00, 0x00, 0x00, 0x00, 0x00, 0x00, 0x00,
};
static const uint8_t icon_gravis_joypad_frame1[] PROGMEM = {
    0x00, 0x00, 0x00, 0x00, 0x00, 0x00, 0x00, 0x00, 0x00, 0x00, 0x00, 0x00,
    0x00, 0x00, 0x00, 0x00, 0xf8, 0x0f, 0x00, 0x00, 0xfe, 0x3f, 0x00, 0x00,
    0xff, 0x7f, 0x00, 0x00, 0x1f, 0xfc, 0xff, 0x1f, 0x07, 0xf0, 0xff, 0x7f,
    0xc3, 0xe1, 0xff, 0xff, 0xe3, 0x03, 0x00, 0xf0, 0xf1, 0x07, 0x00, 0xe0,
    0xf1, 0x07, 0x00, 0xc3, 0xf1, 0x07, 0x00, 0xc3, 0xf1, 0x07, 0x00, 0x88,
    0xe1, 0x03, 0x70, 0x9c, 0x03, 0x00, 0x60, 0x88, 0x07, 0x00, 0x00, 0x80,
    0x0f, 0x00, 0x00, 0xc0, 0x3f, 0x00, 0x00, 0xc0, 0xff, 0xff, 0xc7, 0xe7,
    0xfe, 0xff, 0x0f, 0xe0, 0xf8, 0xff, 0x3f, 0xf8, 0x00, 0x00, 0xfe, 0xff,
    0x00, 0x00, 0xfc, 0x7f, 0x00, 0x00, 0xf0, 0x1f, 0x00, 0x00, 0x00, 0x00,
    0x00, 0x00, 0x00, 0x00, 0x00, 0x00, 0x00, 0x00, 0x00, 0x00, 0x00, 0x00,
    0x00, 0x00, 0x00, 0x00, 0x00, 0x00, 0x00, 0x00,
};
static const uint8_t icon_gravis_joypad_frame2[] PROGMEM = {
    0x00, 0x00, 0x00, 0x00, 0x00, 0x00, 0x00, 0x00, 0x00, 0x00, 0x00, 0x00,
    0x00, 0x00, 0x00, 0x00, 0xf8, 0x0f, 0x00, 0x00, 0xfe, 0x3f, 0x00, 0x00,
    0xff, 0x7f, 0x00, 0x00, 0x1f, 0xfc, 0xff, 0x1f, 0x07, 0xf0, 0xff, 0x7f,
    0xc3, 0xe1, 0xff, 0xff, 0xe3, 0x03, 0x00, 0xf0, 0xf1, 0x07, 0x00, 0xe0,
    0xf1, 0x07, 0x00, 0xc3, 0xf1, 0x07, 0x00, 0xc3, 0xf1, 0x07, 0x00, 0x88,
    0xe1, 0x03, 0x70, 0x9c, 0x03, 0x00, 0x60, 0x88, 0x07, 0x00, 0x00, 0x80,
    0x0f, 0x00, 0x00, 0xc0, 0x3f, 0x00, 0x00, 0xc0, 0xff, 0xff, 0xc7, 0xe7,
    0xfe, 0xff, 0x0f, 0xe0, 0xf8, 0xff, 0x3f, 0xf8, 0x00, 0x00, 0xfe, 0xff,
    0x00, 0x00, 0xfc, 0x7f, 0x00, 0x00, 0xf0, 0x1f, 0x00, 0x00, 0x00, 0x00,
    0x00, 0x00, 0x00, 0x00, 0x00, 0x00, 0x00, 0x00, 0x00, 0x00, 0x00, 0x00,
    0x00, 0x00, 0x00, 0x00, 0x00, 0x00, 0x00, 0x00,
};
static const uint8_t icon_gravis_joypad_frame3[] PROGMEM = {
    0x00, 0x00, 0x00, 0x00, 0x00, 0x00, 0x00, 0x00, 0x00, 0x00, 0x00, 0x00,
    0x00, 0x00, 0x00, 0x00, 0x00, 0x00, 0x00, 0x00, 0x00, 0x00, 0x00, 0x00,
    0x00, 0x00, 0x00, 0x00, 0x00, 0x00, 0x00, 0x00, 0xf8, 0x0f, 0x00, 0x00,
    0xfe, 0x3f, 0x00, 0x00, 0xff, 0x7f, 0x00, 0x00, 0x1f, 0xfc, 0xff, 0x1f,
    0x07, 0xf0, 0xff, 0x7f, 0xc3, 0xe1, 0xff, 0xff, 0xe3, 0x03, 0x00, 0xf0,
    0xf1, 0x07, 0x00, 0xe0, 0xf1, 0x07, 0x00, 0xc3, 0xf1, 0x07, 0x00, 0xc3,
    0xf1, 0x07, 0x00, 0x88, 0xe1, 0x03, 0x70, 0x9c, 0x03, 0x00, 0x60, 0x88,
    0x07, 0x00, 0x00, 0x80, 0x0f, 0x00, 0x00, 0xc0, 0x3f, 0x00, 0x00, 0xc0,
    0xff, 0xff, 0xc7, 0xe7, 0xfe, 0xff, 0x0f, 0xe0, 0xf8, 0xff, 0x3f, 0xf8,
    0x00, 0x00, 0xfe, 0xff, 0x00, 0x00, 0xfc, 0x7f, 0x00, 0x00, 0xf0, 0x1f,
    0x00, 0x00, 0x00, 0x00, 0x00, 0x00, 0x00, 0x00,
};
static const uint8_t *const icon_gravis_joypad_frames[] = {icon_gravis_joypad_frame0, icon_gravis_joypad_frame1, icon_gravis_joypad_frame2, icon_gravis_joypad_frame3};

static const uint8_t icon_mame_frame0[] PROGMEM = {
    0x00, 0x00, 0x00, 0x00, 0x00, 0x00, 0x00, 0x00, 0x00, 0x00, 0x00, 0x00,
    0x00, 0x00, 0x00, 0x00, 0x00, 0x00, 0x00, 0x00, 0x00, 0x00, 0x00, 0x00,
    0x00, 0x00, 0x00, 0x00, 0x00, 0x00, 0x00, 0x00, 0xfc, 0xff, 0xff, 0x3f,
    0x1e, 0x00, 0x00, 0x78, 0xf6, 0xff, 0xff, 0x6f, 0x0f, 0x00, 0x00, 0xf0,
    0x03, 0x00, 0x00, 0xd0, 0x07, 0x00, 0x00, 0xe0, 0x35, 0x06, 0x00, 0xa4,
    0xf1, 0x27, 0xa5, 0xa0, 0xfb, 0xef, 0x10, 0xc0, 0xfa, 0x0f, 0x00, 0x40,
    0xf3, 0xc7, 0x7b, 0xcf, 0x11, 0xc4, 0xff, 0x8f, 0x03, 0x40, 0x4a, 0xc9,
    0x03, 0x80, 0x01, 0xc0, 0x0e, 0x00, 0x00, 0x70, 0x3d, 0x00, 0x00, 0xb8,
    0x37, 0xff, 0xff, 0xec, 0x5f, 0x00, 0x00, 0xfa, 0x7c, 0x07, 0xe0, 0x3e,
    0xf0, 0xff, 0xff, 0x0f, 0xc0, 0xff, 0xff, 0x03, 0x00, 0x00, 0x00, 0x00,
    0x00, 0x00, 0x00, 0x00, 0x00, 0x00, 0x00, 0x00,
};
static const uint8_t icon_mame_frame1[] PROGMEM = {
    0x00, 0x00, 0x00, 0x00, 0x00, 0x00, 0x00, 0x00, 0x00, 0x00, 0x00, 0x00,
    0x00, 0x00, 0x00, 0x00, 0xfc, 0xff, 0xff, 0x3f, 0x1e, 0x00, 0x00, 0x78,
    0xf6, 0xff, 0xff, 0x6f, 0x0f, 0x00, 0x00, 0xf0, 0x03, 0x00, 0x00, 0xd0,
    0x07, 0x00, 0x00, 0xe0, 0x35, 0x06, 0x00, 0xa4, 0xf1, 0x27, 0xa5, 0xa0,
    0xfb, 0xef, 0x10, 0xc0, 0xfa, 0x0f, 0x00, 0x40, 0xf3, 0xc7, 0x7b, 0xcf,
    0x11, 0xc4, 0xff, 0x8f, 0x03, 0x40, 0x4a, 0xc9, 0x03, 0x80, 0x01, 0xc0,
    0x0e, 0x00, 0x00, 0x70, 0x3d, 0x00, 0x00, 0xb8, 0x37, 0xff, 0xff, 0xec,
    0x5f, 0x00, 0x00, 0xfa, 0x7c, 0x07, 0xe0, 0x3e, 0xf0, 0xff, 0xff, 0x0f,
    0xc0, 0xff, 0xff, 0x03, 0x00, 0x00, 0x00, 0x00, 0x00, 0x00, 0x00, 0x00,
    0x00, 0x00, 0x00, 0x00, 0x00, 0x00, 0x00, 0x00, 0x00, 0x00, 0x00, 0x00,
    0x00, 0x00, 0x00, 0x00, 0x00, 0x00, 0x00, 0x00,
};
static const uint8_t icon_mame_frame2[] PROGMEM = {
    0x00, 0x00, 0x00, 0x00, 0x00, 0x00, 0x00, 0x00, 0x00, 0x00, 0x00, 0x00,
    0x00, 0x00, 0x00, 0x00, 0xfc, 0xff, 0xff, 0x3f, 0x1e, 0x00, 0x00, 0x78,
    0xf6, 0xff, 0xff, 0x6f, 0x0f, 0x00, 0x00, 0xf0, 0x03, 0x00, 0x00, 0xd0,
    0x07, 0x00, 0x00, 0xe0, 0x35, 0x06, 0x00, 0xa4, 0xf1, 0x27, 0xa5, 0xa0,
    0xfb, 0xef, 0x10, 0xc0, 0xfa, 0x0f, 0x00, 0x40, 0xf3, 0xc7, 0x7b, 0xcf,
    0x11, 0xc4, 0xff, 0x8f, 0x03, 0x40, 0x4a, 0xc9, 0x03, 0x80, 0x01, 0xc0,
    0x0e, 0x00, 0x00, 0x70, 0x3d, 0x00, 0x00, 0xb8, 0x37, 0xff, 0xff, 0xec,
    0x5f, 0x00, 0x00, 0xfa, 0x7c, 0x07, 0xe0, 0x3e, 0xf0, 0xff, 0xff, 0x0f,
    0xc0, 0xff, 0xff, 0x03, 0x00, 0x00, 0x00, 0x00, 0x00, 0x00, 0x00, 0x00,
    0x00, 0x00, 0x00, 0x00, 0x00, 0x00, 0x00, 0x00, 0x00, 0x00, 0x00, 0x00,
    0x00, 0x00, 0x00, 0x00, 0x00, 0x00, 0x00, 0x00,
};
static const uint8_t icon_mame_frame3[] PROGMEM = {
    0x00, 0x00, 0x00, 0x00, 0x00, 0x00, 0x00, 0x00, 0x00, 0x00, 0x00, 0x00,
    0x00, 0x00, 0x00, 0x00, 0x00, 0x00, 0x00, 0x00, 0x00, 0x00, 0x00, 0x00,
    0x00, 0x00, 0x00, 0x00, 0x00, 0x00, 0x00, 0x00, 0xfc, 0xff, 0xff, 0x3f,
    0x1e, 0x00, 0x00, 0x78, 0xf6, 0xff, 0xff, 0x6f, 0x0f, 0x00, 0x00, 0xf0,
    0x03, 0x00, 0x00, 0xd0, 0x07, 0x00, 0x00, 0xe0, 0x35, 0x06, 0x00, 0xa4,
    0xf1, 0x27, 0xa5, 0xa0, 0xfb, 0xef, 0x10, 0xc0, 0xfa, 0x0f, 0x00, 0x40,
    0xf3, 0xc7, 0x7b, 0xcf, 0x11, 0xc4, 0xff, 0x8f, 0x03, 0x40, 0x4a, 0xc9,
    0x03, 0x80, 0x01, 0xc0, 0x0e, 0x00, 0x00, 0x70, 0x3d, 0x00, 0x00, 0xb8,
    0x37, 0xff, 0xff, 0xec, 0x5f, 0x00, 0x00, 0xfa, 0x7c, 0x07, 0xe0, 0x3e,
    0xf0, 0xff, 0xff, 0x0f, 0xc0, 0xff, 0xff, 0x03, 0x00, 0x00, 0x00, 0x00,
    0x00, 0x00, 0x00, 0x00, 0x00, 0x00, 0x00, 0x00,
};
static const uint8_t *const icon_mame_frames[] = {icon_mame_frame0, icon_mame_frame1, icon_mame_frame2, icon_mame_frame3};

static const uint8_t icon_game_frame0[] PROGMEM = {
    0x00, 0x00, 0x00, 0x00, 0x00, 0x00, 0x00, 0x00, 0x00, 0x00, 0x00, 0x00,
    0x80, 0xff, 0xff, 0x01, 0xc0, 0xff, 0xff, 0x03, 0xe0, 0x01, 0x80, 0x07,
    0xf0, 0x01, 0x80, 0x0f, 0xf0, 0x06, 0x60, 0x0f, 0xf8, 0x85, 0xe1, 0x1e,
    0x78, 0x1c, 0x38, 0x1e, 0x18, 0x04, 0x00, 0x18, 0x18, 0x00, 0x00, 0x18,
    0x18, 0x00, 0x00, 0x18, 0x18, 0x00, 0x00, 0x18, 0x18, 0x00, 0x00, 0x18,
    0x18, 0xc0, 0x03, 0x18, 0x18, 0x20, 0x04, 0x18, 0x18, 0x10, 0x08, 0x18,
    0x18, 0x10, 0x08, 0x18, 0x18, 0x10, 0x08, 0x18, 0x18, 0x10, 0x08, 0x18,
    0x18, 0x20, 0x04, 0x18, 0x18, 0xc0, 0x03, 0x18, 0x38, 0x00, 0x00, 0x1c,
    0x38, 0x00, 0x00, 0x1c, 0x38, 0x00, 0x00, 0x1c, 0x18, 0x00, 0x00, 0x18,
    0x18, 0x00, 0x00, 0x1c, 0x78, 0x02, 0x60, 0x1e, 0x70, 0x0c, 0x20, 0x0e,
    0xf0, 0x05, 0xa0, 0x0f, 0xe0, 0xf5, 0xaf, 0x07,
};
static const uint8_t icon_game_frame1[] PROGMEM = {
    0xc0, 0xff, 0xff, 0x03, 0xe0, 0x01, 0x80, 0x07, 0xf0, 0x01, 0x80, 0x0f,
    0xf0, 0x06, 0x60, 0x0f, 0xf8, 0x85, 0xe1, 0x1e, 0x78, 0x1c, 0x38, 0x1e,
    0x18, 0x04, 0x00, 0x18, 0x18, 0x00, 0x00, 0x18, 0x18, 0x00, 0x00, 0x18,
    0x18, 0x00, 0x00, 0x18, 0x18, 0x00, 0x00, 0x18, 0x18, 0xc0, 0x03, 0x18,
    0x18, 0x20, 0x04, 0x18, 0x18, 0x10, 0x08, 0x18, 0x18, 0x10, 0x08, 0x18,
    0x18, 0x10, 0x08, 0x18, 0x18, 0x10, 0x08, 0x18, 0x18, 0x20, 0x04, 0x18,
    0x18, 0xc0, 0x03, 0x18, 0x38, 0x00, 0x00, 0x1c, 0x38, 0x00, 0x00, 0x1c,
    0x38, 0x00, 0x00, 0x1c, 0x18, 0x00, 0x00, 0x18, 0x18, 0x00, 0x00, 0x1c,
    0x78, 0x02, 0x60, 0x1e, 0x70, 0x0c, 0x20, 0x0e, 0xf0, 0x05, 0xa0, 0x0f,
    0xe0, 0xf5, 0xaf, 0x07, 0xc0, 0xf7, 0xef, 0x03, 0x80, 0xff, 0xff, 0x01,
    0x00, 0xfc, 0x3f, 0x00, 0x00, 0x00, 0x00, 0x00,
};
static const uint8_t icon_game_frame2[] PROGMEM = {
    0xc0, 0xff, 0xff, 0x03, 0xe0, 0x01, 0x80, 0x07, 0xf0, 0x01, 0x80, 0x0f,
    0xf0, 0x06, 0x60, 0x0f, 0xf8, 0x85, 0xe1, 0x1e, 0x78, 0x1c, 0x38, 0x1e,
    0x18, 0x04, 0x00, 0x18, 0x18, 0x00, 0x00, 0x18, 0x18, 0x00, 0x00, 0x18,
    0x18, 0x00, 0x00, 0x18, 0x18, 0x00, 0x00, 0x18, 0x18, 0xc0, 0x03, 0x18,
    0x18, 0x20, 0x04, 0x18, 0x18, 0x10, 0x08, 0x18, 0x18, 0x10, 0x08, 0x18,
    0x18, 0x10, 0x08, 0x18, 0x18, 0x10, 0x08, 0x18, 0x18, 0x20, 0x04, 0x18,
    0x18, 0xc0, 0x03, 0x18, 0x38, 0x00, 0x00, 0x1c, 0x38, 0x00, 0x00, 0x1c,
    0x38, 0x00, 0x00, 0x1c, 0x18, 0x00, 0x00, 0x18, 0x18, 0x00, 0x00, 0x1c,
    0x78, 0x02, 0x60, 0x1e, 0x70, 0x0c, 0x20, 0x0e, 0xf0, 0x05, 0xa0, 0x0f,
    0xe0, 0xf5, 0xaf, 0x07, 0xc0, 0xf7, 0xef, 0x03, 0x80, 0xff, 0xff, 0x01,
    0x00, 0xfc, 0x3f, 0x00, 0x00, 0x00, 0x00, 0x00,
};
static const uint8_t icon_game_frame3[] PROGMEM = {
    0x00, 0x00, 0x00, 0x00, 0x00, 0x00, 0x00, 0x00, 0x00, 0x00, 0x00, 0x00,
    0x80, 0xff, 0xff, 0x01, 0xc0, 0xff, 0xff, 0x03, 0xe0, 0x01, 0x80, 0x07,
    0xf0, 0x01, 0x80, 0x0f, 0xf0, 0x06, 0x60, 0x0f, 0xf8, 0x85, 0xe1, 0x1e,
    0x78, 0x1c, 0x38, 0x1e, 0x18, 0x04, 0x00, 0x18, 0x18, 0x00, 0x00, 0x18,
    0x18, 0x00, 0x00, 0x18, 0x18, 0x00, 0x00, 0x18, 0x18, 0x00, 0x00, 0x18,
    0x18, 0xc0, 0x03, 0x18, 0x18, 0x20, 0x04, 0x18, 0x18, 0x10, 0x08, 0x18,
    0x18, 0x10, 0x08, 0x18, 0x18, 0x10, 0x08, 0x18, 0x18, 0x10, 0x08, 0x18,
    0x18, 0x20, 0x04, 0x18, 0x18, 0xc0, 0x03, 0x18, 0x38, 0x00, 0x00, 0x1c,
    0x38, 0x00, 0x00, 0x1c, 0x38, 0x00, 0x00, 0x1c, 0x18, 0x00, 0x00, 0x18,
    0x18, 0x00, 0x00, 0x1c, 0x78, 0x02, 0x60, 0x1e, 0x70, 0x0c, 0x20, 0x0e,
    0xf0, 0x05, 0xa0, 0x0f, 0xe0, 0xf5, 0xaf, 0x07,
};
static const uint8_t *const icon_game_frames[] = {icon_game_frame0, icon_game_frame1, icon_game_frame2, icon_game_frame3};

static const uint8_t icon_game_3_frame0[] PROGMEM = {
    0x00, 0x00, 0x00, 0x00, 0x00, 0x00, 0x00, 0x00, 0x00, 0x00, 0x00, 0x00,
    0x00, 0x00, 0x00, 0x00, 0x00, 0x00, 0x00, 0x00, 0x00, 0x00, 0x00, 0x00,
    0xfe, 0xff, 0xff, 0x7f, 0xff, 0xff, 0xff, 0xff, 0x03, 0x00, 0x00, 0xc0,
    0x03, 0xf0, 0x0f, 0xc0, 0x03, 0x00, 0x00, 0xc0, 0x03, 0xf8, 0x0f, 0xc0,
    0x03, 0xf8, 0x1f, 0xc0, 0x03, 0xf8, 0x1f, 0xc0, 0x03, 0x00, 0x00, 0xc0,
    0x03, 0x00, 0x00, 0xc0, 0x03, 0x00, 0x00, 0xc0, 0x03, 0x00, 0x00, 0xc0,
    0xfb, 0xff, 0xff, 0xdf, 0x03, 0x00, 0x00, 0xc0, 0x03, 0x00, 0x00, 0xc0,
    0x03, 0x00, 0x00, 0xc0, 0x03, 0x00, 0x00, 0xc0, 0x03, 0x00, 0x00, 0xc0,
    0xff, 0xff, 0xff, 0xff, 0x73, 0x03, 0xc0, 0xcc, 0x03, 0x00, 0x00, 0xc0,
    0x03, 0x00, 0x00, 0xc0, 0xff, 0xff, 0xff, 0xff, 0xff, 0xff, 0xff, 0xff,
    0x00, 0x00, 0x00, 0x00, 0x00, 0x00, 0x00, 0x00,
};
static const uint8_t icon_game_3_frame1[] PROGMEM = {
    0x00, 0x00, 0x00, 0x00, 0x00, 0x00, 0x00, 0x00, 0xfe, 0xff, 0xff, 0x7f,
    0xff, 0xff, 0xff, 0xff, 0x03, 0x00, 0x00, 0xc0, 0x03, 0xf0, 0x0f, 0xc0,
    0x03, 0x00, 0x00, 0xc0, 0x03, 0xf8, 0x0f, 0xc0, 0x03, 0xf8, 0x1f, 0xc0,
    0x03, 0xf8, 0x1f, 0xc0, 0x03, 0x00, 0x00, 0xc0, 0x03, 0x00, 0x00, 0xc0,
    0x03, 0x00, 0x00, 0xc0, 0x03, 0x00, 0x00, 0xc0, 0xfb, 0xff, 0xff, 0xdf,
    0x03, 0x00, 0x00, 0xc0, 0x03, 0x00, 0x00, 0xc0, 0x03, 0x00, 0x00, 0xc0,
    0x03, 0x00, 0x00, 0xc0, 0x03, 0x00, 0x00, 0xc0, 0xff, 0xff, 0xff, 0xff,
    0x73, 0x03, 0xc0, 0xcc, 0x03, 0x00, 0x00, 0xc0, 0x03, 0x00, 0x00, 0xc0,
    0xff, 0xff, 0xff, 0xff, 0xff, 0xff, 0xff, 0xff, 0x00, 0x00, 0x00, 0x00,
    0x00, 0x00, 0x00, 0x00, 0x00, 0x00, 0x00, 0x00, 0x00, 0x00, 0x00, 0x00,
    0x00, 0x00, 0x00, 0x00, 0x00, 0x00, 0x00, 0x00,
};
static const uint8_t icon_game_3_frame2[] PROGMEM = {
    0x00, 0x00, 0x00, 0x00, 0x00, 0x00, 0x00, 0x00, 0xfe, 0xff, 0xff, 0x7f,
    0xff, 0xff, 0xff, 0xff, 0x03, 0x00, 0x00, 0xc0, 0x03, 0xf0, 0x0f, 0xc0,
    0x03, 0x00, 0x00, 0xc0, 0x03, 0xf8, 0x0f, 0xc0, 0x03, 0xf8, 0x1f, 0xc0,
    0x03, 0xf8, 0x1f, 0xc0, 0x03, 0x00, 0x00, 0xc0, 0x03, 0x00, 0x00, 0xc0,
    0x03, 0x00, 0x00, 0xc0, 0x03, 0x00, 0x00, 0xc0, 0xfb, 0xff, 0xff, 0xdf,
    0x03, 0x00, 0x00, 0xc0, 0x03, 0x00, 0x00, 0xc0, 0x03, 0x00, 0x00, 0xc0,
    0x03, 0x00, 0x00, 0xc0, 0x03, 0x00, 0x00, 0xc0, 0xff, 0xff, 0xff, 0xff,
    0x73, 0x03, 0xc0, 0xcc, 0x03, 0x00, 0x00, 0xc0, 0x03, 0x00, 0x00, 0xc0,
    0xff, 0xff, 0xff, 0xff, 0xff, 0xff, 0xff, 0xff, 0x00, 0x00, 0x00, 0x00,
    0x00, 0x00, 0x00, 0x00, 0x00, 0x00, 0x00, 0x00, 0x00, 0x00, 0x00, 0x00,
    0x00, 0x00, 0x00, 0x00, 0x00, 0x00, 0x00, 0x00,
};
static const uint8_t icon_game_3_frame3[] PROGMEM = {
    0x00, 0x00, 0x00, 0x00, 0x00, 0x00, 0x00, 0x00, 0x00, 0x00, 0x00, 0x00,
    0x00, 0x00, 0x00, 0x00, 0x00, 0x00, 0x00, 0x00, 0x00, 0x00, 0x00, 0x00,
    0xfe, 0xff, 0xff, 0x7f, 0xff, 0xff, 0xff, 0xff, 0x03, 0x00, 0x00, 0xc0,
    0x03, 0xf0, 0x0f, 0xc0, 0x03, 0x00, 0x00, 0xc0, 0x03, 0xf8, 0x0f, 0xc0,
    0x03, 0xf8, 0x1f, 0xc0, 0x03, 0xf8, 0x1f, 0xc0, 0x03, 0x00, 0x00, 0xc0,
    0x03, 0x00, 0x00, 0xc0, 0x03, 0x00, 0x00, 0xc0, 0x03, 0x00, 0x00, 0xc0,
    0xfb, 0xff, 0xff, 0xdf, 0x03, 0x00, 0x00, 0xc0, 0x03, 0x00, 0x00, 0xc0,
    0x03, 0x00, 0x00, 0xc0, 0x03, 0x00, 0x00, 0xc0, 0x03, 0x00, 0x00, 0xc0,
    0xff, 0xff, 0xff, 0xff, 0x73, 0x03, 0xc0, 0xcc, 0x03, 0x00, 0x00, 0xc0,
    0x03, 0x00, 0x00, 0xc0, 0xff, 0xff, 0xff, 0xff, 0xff, 0xff, 0xff, 0xff,
    0x00, 0x00, 0x00, 0x00, 0x00, 0x00, 0x00, 0x00,
};
static const uint8_t *const icon_game_3_frames[] = {icon_game_3_frame0, icon_game_3_frame1, icon_game_3_frame2, icon_game_3_frame3};

static const uint8_t icon_game_4_frame0[] PROGMEM = {
    0x00, 0x00, 0x00, 0x00, 0x00, 0x00, 0x00, 0x00, 0x00, 0x00, 0x00, 0x00,
    0x00, 0x00, 0x00, 0x00, 0x00, 0x00, 0x00, 0x00, 0x00, 0x00, 0x00, 0x00,
    0x00, 0x00, 0x00, 0x00, 0x00, 0x00, 0x00, 0x00, 0xff, 0xff, 0xff, 0xff,
    0xff, 0xff, 0xff, 0xff, 0x03, 0x00, 0x00, 0xc0, 0x03, 0x00, 0x00, 0xc0,
    0x03, 0x00, 0x00, 0xc0, 0x03, 0x00, 0x00, 0xc0, 0x03, 0x00, 0x00, 0xc0,
    0x03, 0xf8, 0x1f, 0xc0, 0x03, 0x00, 0x00, 0xc0, 0x03, 0x00, 0x00, 0xc0,
    0x03, 0x00, 0x00, 0xc0, 0xfb, 0xff, 0xff, 0xf7, 0x03, 0x00, 0x00, 0xc0,
    0x03, 0x00, 0x00, 0xc0, 0x03, 0x00, 0x00, 0xc0, 0x03, 0x00, 0x00, 0xc0,
    0x03, 0x00, 0x00, 0xc0, 0xff, 0xd7, 0xeb, 0xff, 0xff, 0x01, 0x80, 0xff,
    0xff, 0xff, 0xff, 0xff, 0xff, 0xff, 0xff, 0xff, 0xff, 0xff, 0xff, 0xff,
    0x00, 0x00, 0x00, 0x00, 0x00, 0x00, 0x00, 0x00,
};
static const uint8_t icon_game_4_frame1[] PROGMEM = {
    0x00, 0x00, 0x00, 0x00, 0x00, 0x00, 0x00, 0x00, 0x00, 0x00, 0x00, 0x00,
    0x00, 0x00, 0x00, 0x00, 0xff, 0xff, 0xff, 0xff, 0xff, 0xff, 0xff, 0xff,
    0x03, 0x00, 0x00, 0xc0, 0x03, 0x00, 0x00, 0xc0, 0x03, 0x00, 0x00, 0xc0,
    0x03, 0x00, 0x00, 0xc0, 0x03, 0x00, 0x00, 0xc0, 0x03, 0xf8, 0x1f, 0xc0,
    0x03, 0x00, 0x00, 0xc0, 0x03, 0x00, 0x00, 0xc0, 0x03, 0x00, 0x00, 0xc0,
    0xfb, 0xff, 0xff, 0xf7, 0x03, 0x00, 0x00, 0xc0, 0x03, 0x00, 0x00, 0xc0,
    0x03, 0x00, 0x00, 0xc0, 0x03, 0x00, 0x00, 0xc0, 0x03, 0x00, 0x00, 0xc0,
    0xff, 0xd7, 0xeb, 0xff, 0xff, 0x01, 0x80, 0xff, 0xff, 0xff, 0xff, 0xff,
    0xff, 0xff, 0xff, 0xff, 0xff, 0xff, 0xff, 0xff, 0x00, 0x00, 0x00, 0x00,
    0x00, 0x00, 0x00, 0x00, 0x00, 0x00, 0x00, 0x00, 0x00, 0x00, 0x00, 0x00,
    0x00, 0x00, 0x00, 0x00, 0x00, 0x00, 0x00, 0x00,
};
static const uint8_t icon_game_4_frame2[] PROGMEM = {
    0x00, 0x00, 0x00, 0x00, 0x00, 0x00, 0x00, 0x00, 0x00, 0x00, 0x00, 0x00,
    0x00, 0x00, 0x00, 0x00, 0xff, 0xff, 0xff, 0xff, 0xff, 0xff, 0xff, 0xff,
    0x03, 0x00, 0x00, 0xc0, 0x03, 0x00, 0x00, 0xc0, 0x03, 0x00, 0x00, 0xc0,
    0x03, 0x00, 0x00, 0xc0, 0x03, 0x00, 0x00, 0xc0, 0x03, 0xf8, 0x1f, 0xc0,
    0x03, 0x00, 0x00, 0xc0, 0x03, 0x00, 0x00, 0xc0, 0x03, 0x00, 0x00, 0xc0,
    0xfb, 0xff, 0xff, 0xf7, 0x03, 0x00, 0x00, 0xc0, 0x03, 0x00, 0x00, 0xc0,
    0x03, 0x00, 0x00, 0xc0, 0x03, 0x00, 0x00, 0xc0, 0x03, 0x00, 0x00, 0xc0,
    0xff, 0xd7, 0xeb, 0xff, 0xff, 0x01, 0x80, 0xff, 0xff, 0xff, 0xff, 0xff,
    0xff, 0xff, 0xff, 0xff, 0xff, 0xff, 0xff, 0xff, 0x00, 0x00, 0x00, 0x00,
    0x00, 0x00, 0x00, 0x00, 0x00, 0x00, 0x00, 0x00, 0x00, 0x00, 0x00, 0x00,
    0x00, 0x00, 0x00, 0x00, 0x00, 0x00, 0x00, 0x00,
};
static const uint8_t icon_game_4_frame3[] PROGMEM = {
    0x00, 0x00, 0x00, 0x00, 0x00, 0x00, 0x00, 0x00, 0x00, 0x00, 0x00, 0x00,
    0x00, 0x00, 0x00, 0x00, 0x00, 0x00, 0x00, 0x00, 0x00, 0x00, 0x00, 0x00,
    0x00, 0x00, 0x00, 0x00, 0x00, 0x00, 0x00, 0x00, 0xff, 0xff, 0xff, 0xff,
    0xff, 0xff, 0xff, 0xff, 0x03, 0x00, 0x00, 0xc0, 0x03, 0x00, 0x00, 0xc0,
    0x03, 0x00, 0x00, 0xc0, 0x03, 0x00, 0x00, 0xc0, 0x03, 0x00, 0x00, 0xc0,
    0x03, 0xf8, 0x1f, 0xc0, 0x03, 0x00, 0x00, 0xc0, 0x03, 0x00, 0x00, 0xc0,
    0x03, 0x00, 0x00, 0xc0, 0xfb, 0xff, 0xff, 0xf7, 0x03, 0x00, 0x00, 0xc0,
    0x03, 0x00, 0x00, 0xc0, 0x03, 0x00, 0x00, 0xc0, 0x03, 0x00, 0x00, 0xc0,
    0x03, 0x00, 0x00, 0xc0, 0xff, 0xd7, 0xeb, 0xff, 0xff, 0x01, 0x80, 0xff,
    0xff, 0xff, 0xff, 0xff, 0xff, 0xff, 0xff, 0xff, 0xff, 0xff, 0xff, 0xff,
    0x00, 0x00, 0x00, 0x00, 0x00, 0x00, 0x00, 0x00,
};
static const uint8_t *const icon_game_4_frames[] = {icon_game_4_frame0, icon_game_4_frame1, icon_game_4_frame2, icon_game_4_frame3};

const IconAnimation ICON_ANIMATIONS[] = {
    { 1, 4, 32, 32, icon_nintendo_nes_frames },
    { 2, 4, 32, 32, icon_nintendo_family_computer_player_1_frames },
    { 3, 4, 32, 32, icon_nintendo_snes_frames },
    { 4, 4, 32, 32, icon_nintendo_snes_alternate_frames },
    { 5, 4, 32, 32, icon_snes_frames },
    { 6, 4, 32, 32, icon_nintendo_64_frames },
    { 7, 4, 32, 32, icon_nintendo_64_2_frames },
    { 8, 4, 32, 32, icon_nintendo_gamecube_frames },
    { 9, 4, 32, 32, icon_gamecube_frames },
    { 11, 4, 32, 32, icon_wii_frames },
    { 12, 4, 32, 32, icon_gameboy_advance_frames },
    { 13, 4, 32, 32, icon_gameboy_micro_frames },
    { 14, 4, 32, 32, icon_sega_mega_drive_frames },
    { 15, 4, 32, 32, icon_sega_genesis_frames },
    { 16, 4, 32, 32, icon_megadrive_frames },
    { 17, 4, 32, 32, icon_sega_frames },
    { 18, 4, 32, 32, icon_sega_saturn_frames },
    { 19, 4, 32, 32, icon_sega_saturn_2_frames },
    { 21, 4, 32, 32, icon_game_9_frames },
    { 22, 4, 32, 32, icon_sega_dreamcast_frames },
    { 23, 4, 32, 32, icon_dreamcast_frames },
    { 24, 4, 32, 32, icon_game_8_frames },
    { 26, 4, 32, 32, icon_game_5_frames },
    { 27, 4, 32, 32, icon_mastersystem_frames },
    { 28, 4, 32, 32, icon_pcengine_frames },
    { 29, 4, 32, 32, icon_game_7_frames },
    { 30, 4, 32, 32, icon_snk_neo_geo_frames },
    { 31, 4, 32, 32, icon_neogeocd_frames },
    { 32, 4, 32, 32, icon_sony_playstation_frames },
    { 33, 4, 32, 32, icon_ps1_frames },
    { 35, 4, 32, 32, icon_sony_playstation_blue_frames },
    { 36, 4, 32, 32, icon_sony_playstation_dual_shock_frames },
    { 37, 4, 32, 32, icon_sony_playstation_2_frames },
    { 38, 4, 32, 32, icon_ps2_frames },
    { 39, 4, 32, 32, icon_sony_playstation_3_frames },
    { 40, 4, 32, 32, icon_sony_playstation_portable_frames },
    { 41, 4, 32, 32, icon_microsoft_xbox_frames },
    { 42, 4, 32, 32, icon_xbox_frames },
    { 43, 4, 32, 32, icon_xbox_360_frames },
    { 44, 4, 32, 32, icon_atari_cx40_frames },
    { 45, 4, 32, 32, icon_atari_frames },
    { 46, 4, 32, 32, icon_game_1_frames },
    { 47, 4, 32, 32, icon_game_2_frames },
    { 48, 4, 32, 32, icon_philips_odyssey_frames },
    { 49, 4, 32, 32, icon_cdi_frames },
    { 50, 4, 32, 32, icon_3do_frames },
    { 51, 4, 32, 32, icon_gravis_joypad_frames },
    { 52, 4, 32, 32, icon_mame_frames },
    { 53, 4, 32, 32, icon_game_frames },
    { 54, 4, 32, 32, icon_game_3_frames },
    { 55, 4, 32, 32, icon_game_4_frames },
};
const uint8_t ICON_ANIMATIONS_COUNT = sizeof(ICON_ANIMATIONS) / sizeof(ICON_ANIMATIONS[0]);

const IconAnimation *findIconAnimation(uint8_t iconId)
{
    for (uint8_t i = 0; i < ICON_ANIMATIONS_COUNT; ++i) {
        if (ICON_ANIMATIONS[i].iconId == iconId) {
            return &ICON_ANIMATIONS[i];
        }
    }
    return nullptr;
}
